,date,province,avg_temp
23839,2020-01-30,Seoul,5.2
23840,2020-01-30,Busan,7.1
23841,2020-01-30,Daegu,5.7
23842,2020-01-30,Gwangju,5.9
23843,2020-01-30,Incheon,4.9
23844,2020-01-30,Daejeon,6.1
23845,2020-01-30,Ulsan,5.6
23846,2020-01-30,Gyeonggi-do,5.3
23847,2020-01-30,Gangwon-do,2.6
23848,2020-01-30,Chungcheongbuk-do,4.4
23849,2020-01-30,Chungcheongnam-do,3.3
23850,2020-01-30,Jeollabuk-do,5.1
23851,2020-01-30,Jeollanam-do,6.4
23852,2020-01-30,Gyeongsangbuk-do,4.2
23853,2020-01-30,Gyeongsangnam-do,6.0
23854,2020-01-30,Jeju-do,8.3
23855,2020-01-31,Seoul,3.9
23856,2020-01-31,Busan,6.3
23857,2020-01-31,Daegu,4.4
23858,2020-01-31,Gwangju,4.3
23859,2020-01-31,Incheon,3.4
23860,2020-01-31,Daejeon,3.7
23861,2020-01-31,Ulsan,4.7
23862,2020-01-31,Gyeonggi-do,2.9
23863,2020-01-31,Gangwon-do,3.2
23864,2020-01-31,Chungcheongbuk-do,3.0
23865,2020-01-31,Chungcheongnam-do,0.6
23866,2020-01-31,Jeollabuk-do,4.2
23867,2020-01-31,Jeollanam-do,5.2
23868,2020-01-31,Gyeongsangbuk-do,3.0
23869,2020-01-31,Gyeongsangnam-do,4.6
23870,2020-01-31,Jeju-do,7.2
23871,2020-02-01,Seoul,2.6
23872,2020-02-01,Busan,5.6
23873,2020-02-01,Daegu,2.9
23874,2020-02-01,Gwangju,3.9
23875,2020-02-01,Incheon,3.0
23876,2020-02-01,Daejeon,2.1
23877,2020-02-01,Ulsan,4.1
23878,2020-02-01,Gyeonggi-do,1.9
23879,2020-02-01,Gangwon-do,4.8
23880,2020-02-01,Chungcheongbuk-do,1.3
23881,2020-02-01,Chungcheongnam-do,1.0
23882,2020-02-01,Jeollabuk-do,3.6
23883,2020-02-01,Jeollanam-do,5.3
23884,2020-02-01,Gyeongsangbuk-do,4.1
23885,2020-02-01,Gyeongsangnam-do,4.3
23886,2020-02-01,Jeju-do,8.2
23887,2020-02-02,Seoul,1.5
23888,2020-02-02,Busan,7.1
23889,2020-02-02,Daegu,3.6
23890,2020-02-02,Gwangju,4.0
23891,2020-02-02,Incheon,1.4
23892,2020-02-02,Daejeon,1.8
23893,2020-02-02,Ulsan,5.3
23894,2020-02-02,Gyeonggi-do,1.0
23895,2020-02-02,Gangwon-do,5.0
23896,2020-02-02,Chungcheongbuk-do,0.9
23897,2020-02-02,Chungcheongnam-do,0.4
23898,2020-02-02,Jeollabuk-do,2.5
23899,2020-02-02,Jeollanam-do,5.9
23900,2020-02-02,Gyeongsangbuk-do,4.7
23901,2020-02-02,Gyeongsangnam-do,4.5
23902,2020-02-02,Jeju-do,7.7
23903,2020-02-03,Seoul,-0.4
23904,2020-02-03,Busan,5.6
23905,2020-02-03,Daegu,3.1
23906,2020-02-03,Gwangju,2.0
23907,2020-02-03,Incheon,-0.3
23908,2020-02-03,Daejeon,1.5
23909,2020-02-03,Ulsan,4.1
23910,2020-02-03,Gyeonggi-do,-0.1
23911,2020-02-03,Gangwon-do,3.2
23912,2020-02-03,Chungcheongbuk-do,0.1
23913,2020-02-03,Chungcheongnam-do,0.1
23914,2020-02-03,Jeollabuk-do,1.5
23915,2020-02-03,Jeollanam-do,4.5
23916,2020-02-03,Gyeongsangbuk-do,3.4
23917,2020-02-03,Gyeongsangnam-do,4.1
23918,2020-02-03,Jeju-do,6.9
23919,2020-02-04,Seoul,-1.6
23920,2020-02-04,Busan,5.2
23921,2020-02-04,Daegu,1.9
23922,2020-02-04,Gwangju,2.1
23923,2020-02-04,Incheon,-1.3
23924,2020-02-04,Daejeon,0.4
23925,2020-02-04,Ulsan,3.0
23926,2020-02-04,Gyeonggi-do,-1.0
23927,2020-02-04,Gangwon-do,2.7
23928,2020-02-04,Chungcheongbuk-do,-1.4
23929,2020-02-04,Chungcheongnam-do,-0.7
23930,2020-02-04,Jeollabuk-do,0.7
23931,2020-02-04,Jeollanam-do,3.8
23932,2020-02-04,Gyeongsangbuk-do,2.8
23933,2020-02-04,Gyeongsangnam-do,3.1
23934,2020-02-04,Jeju-do,5.6
23935,2020-02-05,Seoul,-8.3
23936,2020-02-05,Busan,1.8
23937,2020-02-05,Daegu,-1.5
23938,2020-02-05,Gwangju,-1.7
23939,2020-02-05,Incheon,-8.1
23940,2020-02-05,Daejeon,-4.6
23941,2020-02-05,Ulsan,0.0
23942,2020-02-05,Gyeonggi-do,-7.2
23943,2020-02-05,Gangwon-do,-2.1
23944,2020-02-05,Chungcheongbuk-do,-6.2
23945,2020-02-05,Chungcheongnam-do,-5.5
23946,2020-02-05,Jeollabuk-do,-3.7
23947,2020-02-05,Jeollanam-do,0.7
23948,2020-02-05,Gyeongsangbuk-do,-0.7
23949,2020-02-05,Gyeongsangnam-do,-0.3
23950,2020-02-05,Jeju-do,3.4
23951,2020-02-06,Seoul,-6.4
23952,2020-02-06,Busan,1.2
23953,2020-02-06,Daegu,-2.1
23954,2020-02-06,Gwangju,-2.2
23955,2020-02-06,Incheon,-6.6
23956,2020-02-06,Daejeon,-5.0
23957,2020-02-06,Ulsan,-0.7
23958,2020-02-06,Gyeonggi-do,-6.3
23959,2020-02-06,Gangwon-do,-2.6
23960,2020-02-06,Chungcheongbuk-do,-6.6
23961,2020-02-06,Chungcheongnam-do,-5.8
23962,2020-02-06,Jeollabuk-do,-4.1
23963,2020-02-06,Jeollanam-do,0.0
23964,2020-02-06,Gyeongsangbuk-do,-1.2
23965,2020-02-06,Gyeongsangnam-do,-1.4
23966,2020-02-06,Jeju-do,3.3
23967,2020-02-07,Seoul,-1.7
23968,2020-02-07,Busan,5.0
23969,2020-02-07,Daegu,1.1
23970,2020-02-07,Gwangju,1.1
23971,2020-02-07,Incheon,-1.4
23972,2020-02-07,Daejeon,-1.2
23973,2020-02-07,Ulsan,3.6
23974,2020-02-07,Gyeonggi-do,-1.5
23975,2020-02-07,Gangwon-do,2.3
23976,2020-02-07,Chungcheongbuk-do,-3.1
23977,2020-02-07,Chungcheongnam-do,-1.3
23978,2020-02-07,Jeollabuk-do,-0.3
23979,2020-02-07,Jeollanam-do,4.2
23980,2020-02-07,Gyeongsangbuk-do,1.8
23981,2020-02-07,Gyeongsangnam-do,2.8
23982,2020-02-07,Jeju-do,6.4
23983,2020-02-08,Seoul,-0.1
23984,2020-02-08,Busan,4.1
23985,2020-02-08,Daegu,2.9
23986,2020-02-08,Gwangju,3.0
23987,2020-02-08,Incheon,0.1
23988,2020-02-08,Daejeon,1.6
23989,2020-02-08,Ulsan,3.3
23990,2020-02-08,Gyeonggi-do,0.4
23991,2020-02-08,Gangwon-do,1.9
23992,2020-02-08,Chungcheongbuk-do,0.0
23993,2020-02-08,Chungcheongnam-do,0.9
23994,2020-02-08,Jeollabuk-do,2.0
23995,2020-02-08,Jeollanam-do,4.1
23996,2020-02-08,Gyeongsangbuk-do,2.0
23997,2020-02-08,Gyeongsangnam-do,3.0
23998,2020-02-08,Jeju-do,6.9
23999,2020-02-09,Seoul,-0.5
24000,2020-02-09,Busan,3.8
24001,2020-02-09,Daegu,1.9
24002,2020-02-09,Gwangju,2.5
24003,2020-02-09,Incheon,0.4
24004,2020-02-09,Daejeon,0.5
24005,2020-02-09,Ulsan,3.3
24006,2020-02-09,Gyeonggi-do,-0.9
24007,2020-02-09,Gangwon-do,2.6
24008,2020-02-09,Chungcheongbuk-do,-2.0
24009,2020-02-09,Chungcheongnam-do,-1.1
24010,2020-02-09,Jeollabuk-do,0.3
24011,2020-02-09,Jeollanam-do,3.5
24012,2020-02-09,Gyeongsangbuk-do,2.5
24013,2020-02-09,Gyeongsangnam-do,2.3
24014,2020-02-09,Jeju-do,6.6
24015,2020-02-10,Seoul,4.0
24016,2020-02-10,Busan,6.3
24017,2020-02-10,Daegu,5.5
24018,2020-02-10,Gwangju,5.6
24019,2020-02-10,Incheon,4.1
24020,2020-02-10,Daejeon,5.1
24021,2020-02-10,Ulsan,6.1
24022,2020-02-10,Gyeonggi-do,3.2
24023,2020-02-10,Gangwon-do,4.5
24024,2020-02-10,Chungcheongbuk-do,2.4
24025,2020-02-10,Chungcheongnam-do,3.2
24026,2020-02-10,Jeollabuk-do,5.0
24027,2020-02-10,Jeollanam-do,7.2
24028,2020-02-10,Gyeongsangbuk-do,3.5
24029,2020-02-10,Gyeongsangnam-do,4.2
24030,2020-02-10,Jeju-do,10.6
24031,2020-02-11,Seoul,6.8
24032,2020-02-11,Busan,9.7
24033,2020-02-11,Daegu,6.1
24034,2020-02-11,Gwangju,7.8
24035,2020-02-11,Incheon,7.2
24036,2020-02-11,Daejeon,6.6
24037,2020-02-11,Ulsan,8.0
24038,2020-02-11,Gyeonggi-do,5.9
24039,2020-02-11,Gangwon-do,8.1
24040,2020-02-11,Chungcheongbuk-do,3.8
24041,2020-02-11,Chungcheongnam-do,4.9
24042,2020-02-11,Jeollabuk-do,8.4
24043,2020-02-11,Jeollanam-do,9.0
24044,2020-02-11,Gyeongsangbuk-do,6.0
24045,2020-02-11,Gyeongsangnam-do,7.0
24046,2020-02-11,Jeju-do,11.2
24047,2020-02-12,Seoul,7.4
24048,2020-02-12,Busan,11.7
24049,2020-02-12,Daegu,8.1
24050,2020-02-12,Gwangju,9.9
24051,2020-02-12,Incheon,7.3
24052,2020-02-12,Daejeon,7.7
24053,2020-02-12,Ulsan,10.6
24054,2020-02-12,Gyeonggi-do,7.3
24055,2020-02-12,Gangwon-do,9.2
24056,2020-02-12,Chungcheongbuk-do,5.8
24057,2020-02-12,Chungcheongnam-do,6.6
24058,2020-02-12,Jeollabuk-do,9.5
24059,2020-02-12,Jeollanam-do,10.4
24060,2020-02-12,Gyeongsangbuk-do,8.0
24061,2020-02-12,Gyeongsangnam-do,9.9
24062,2020-02-12,Jeju-do,13.3
24063,2020-02-13,Seoul,6.5
24064,2020-02-13,Busan,11.4
24065,2020-02-13,Daegu,10.4
24066,2020-02-13,Gwangju,8.4
24067,2020-02-13,Incheon,5.8
24068,2020-02-13,Daejeon,7.4
24069,2020-02-13,Ulsan,12.0
24070,2020-02-13,Gyeonggi-do,5.9
24071,2020-02-13,Gangwon-do,11.5
24072,2020-02-13,Chungcheongbuk-do,7.6
24073,2020-02-13,Chungcheongnam-do,6.5
24074,2020-02-13,Jeollabuk-do,7.4
24075,2020-02-13,Jeollanam-do,10.0
24076,2020-02-13,Gyeongsangbuk-do,11.2
24077,2020-02-13,Gyeongsangnam-do,9.8
24078,2020-02-13,Jeju-do,12.3
24079,2020-02-14,Seoul,8.1
24080,2020-02-14,Busan,12.3
24081,2020-02-14,Daegu,10.7
24082,2020-02-14,Gwangju,11.3
24083,2020-02-14,Incheon,7.1
24084,2020-02-14,Daejeon,7.5
24085,2020-02-14,Ulsan,11.1
24086,2020-02-14,Gyeonggi-do,6.5
24087,2020-02-14,Gangwon-do,10.9
24088,2020-02-14,Chungcheongbuk-do,5.0
24089,2020-02-14,Chungcheongnam-do,7.7
24090,2020-02-14,Jeollabuk-do,8.9
24091,2020-02-14,Jeollanam-do,10.4
24092,2020-02-14,Gyeongsangbuk-do,9.6
24093,2020-02-14,Gyeongsangnam-do,10.5
24094,2020-02-14,Jeju-do,13.6
24095,2020-02-15,Seoul,9.8
24096,2020-02-15,Busan,12.8
24097,2020-02-15,Daegu,12.0
24098,2020-02-15,Gwangju,10.8
24099,2020-02-15,Incheon,8.1
24100,2020-02-15,Daejeon,9.9
24101,2020-02-15,Ulsan,11.9
24102,2020-02-15,Gyeonggi-do,8.7
24103,2020-02-15,Gangwon-do,10.6
24104,2020-02-15,Chungcheongbuk-do,8.5
24105,2020-02-15,Chungcheongnam-do,7.7
24106,2020-02-15,Jeollabuk-do,10.6
24107,2020-02-15,Jeollanam-do,12.1
24108,2020-02-15,Gyeongsangbuk-do,9.7
24109,2020-02-15,Gyeongsangnam-do,11.3
24110,2020-02-15,Jeju-do,16.2
24111,2020-02-16,Seoul,-1.4
24112,2020-02-16,Busan,7.0
24113,2020-02-16,Daegu,5.0
24114,2020-02-16,Gwangju,1.3
24115,2020-02-16,Incheon,-1.3
24116,2020-02-16,Daejeon,0.8
24117,2020-02-16,Ulsan,6.5
24118,2020-02-16,Gyeonggi-do,-1.1
24119,2020-02-16,Gangwon-do,3.1
24120,2020-02-16,Chungcheongbuk-do,0.1
24121,2020-02-16,Chungcheongnam-do,-0.5
24122,2020-02-16,Jeollabuk-do,0.9
24123,2020-02-16,Jeollanam-do,4.1
24124,2020-02-16,Gyeongsangbuk-do,4.5
24125,2020-02-16,Gyeongsangnam-do,5.2
24126,2020-02-16,Jeju-do,5.4
24127,2020-02-17,Seoul,-5.9
24128,2020-02-17,Busan,0.1
24129,2020-02-17,Daegu,-1.6
24130,2020-02-17,Gwangju,-2.0
24131,2020-02-17,Incheon,-5.4
24132,2020-02-17,Daejeon,-3.2
24133,2020-02-17,Ulsan,-0.3
24134,2020-02-17,Gyeonggi-do,-4.8
24135,2020-02-17,Gangwon-do,-2.1
24136,2020-02-17,Chungcheongbuk-do,-4.6
24137,2020-02-17,Chungcheongnam-do,-3.7
24138,2020-02-17,Jeollabuk-do,-3.0
24139,2020-02-17,Jeollanam-do,-0.6
24140,2020-02-17,Gyeongsangbuk-do,-1.8
24141,2020-02-17,Gyeongsangnam-do,-0.7
24142,2020-02-17,Jeju-do,2.6
24143,2020-02-18,Seoul,-4.1
24144,2020-02-18,Busan,1.2
24145,2020-02-18,Daegu,-0.2
24146,2020-02-18,Gwangju,0.5
24147,2020-02-18,Incheon,-3.4
24148,2020-02-18,Daejeon,-1.6
24149,2020-02-18,Ulsan,0.4
24150,2020-02-18,Gyeonggi-do,-3.6
24151,2020-02-18,Gangwon-do,0.6
24152,2020-02-18,Chungcheongbuk-do,-4.2
24153,2020-02-18,Chungcheongnam-do,-2.2
24154,2020-02-18,Jeollabuk-do,-1.3
24155,2020-02-18,Jeollanam-do,1.4
24156,2020-02-18,Gyeongsangbuk-do,-0.8
24157,2020-02-18,Gyeongsangnam-do,0.0
24158,2020-02-18,Jeju-do,4.9
24159,2020-02-19,Seoul,1.0
24160,2020-02-19,Busan,6.1
24161,2020-02-19,Daegu,4.7
24162,2020-02-19,Gwangju,3.7
24163,2020-02-19,Incheon,1.9
24164,2020-02-19,Daejeon,2.1
24165,2020-02-19,Ulsan,5.2
24166,2020-02-19,Gyeonggi-do,1.1
24167,2020-02-19,Gangwon-do,4.7
24168,2020-02-19,Chungcheongbuk-do,-0.6
24169,2020-02-19,Chungcheongnam-do,1.4
24170,2020-02-19,Jeollabuk-do,2.9
24171,2020-02-19,Jeollanam-do,5.2
24172,2020-02-19,Gyeongsangbuk-do,3.8
24173,2020-02-19,Gyeongsangnam-do,5.0
24174,2020-02-19,Jeju-do,6.6
24175,2020-02-20,Seoul,4.6
24176,2020-02-20,Busan,9.3
24177,2020-02-20,Daegu,6.1
24178,2020-02-20,Gwangju,7.6
24179,2020-02-20,Incheon,4.5
24180,2020-02-20,Daejeon,5.3
24181,2020-02-20,Ulsan,7.4
24182,2020-02-20,Gyeonggi-do,4.4
24183,2020-02-20,Gangwon-do,6.6
24184,2020-02-20,Chungcheongbuk-do,2.5
24185,2020-02-20,Chungcheongnam-do,4.3
24186,2020-02-20,Jeollabuk-do,5.9
24187,2020-02-20,Jeollanam-do,8.3
24188,2020-02-20,Gyeongsangbuk-do,5.8
24189,2020-02-20,Gyeongsangnam-do,7.1
24190,2020-02-20,Jeju-do,10.0
24191,2020-02-21,Seoul,6.7
24192,2020-02-21,Busan,11.0
24193,2020-02-21,Daegu,8.3
24194,2020-02-21,Gwangju,9.3
24195,2020-02-21,Incheon,6.6
24196,2020-02-21,Daejeon,7.3
24197,2020-02-21,Ulsan,9.6
24198,2020-02-21,Gyeonggi-do,6.5
24199,2020-02-21,Gangwon-do,8.8
24200,2020-02-21,Chungcheongbuk-do,4.8
24201,2020-02-21,Chungcheongnam-do,6.2
24202,2020-02-21,Jeollabuk-do,9.2
24203,2020-02-21,Jeollanam-do,9.7
24204,2020-02-21,Gyeongsangbuk-do,8.3
24205,2020-02-21,Gyeongsangnam-do,8.6
24206,2020-02-21,Jeju-do,12.4
24207,2020-02-22,Seoul,4.0
24208,2020-02-22,Busan,9.5
24209,2020-02-22,Daegu,8.2
24210,2020-02-22,Gwangju,7.2
24211,2020-02-22,Incheon,4.0
24212,2020-02-22,Daejeon,6.3
24213,2020-02-22,Ulsan,9.6
24214,2020-02-22,Gyeonggi-do,4.4
24215,2020-02-22,Gangwon-do,6.2
24216,2020-02-22,Chungcheongbuk-do,4.8
24217,2020-02-22,Chungcheongnam-do,5.0
24218,2020-02-22,Jeollabuk-do,6.1
24219,2020-02-22,Jeollanam-do,8.8
24220,2020-02-22,Gyeongsangbuk-do,7.9
24221,2020-02-22,Gyeongsangnam-do,8.5
24222,2020-02-22,Jeju-do,10.8
24223,2020-02-23,Seoul,2.5
24224,2020-02-23,Busan,6.0
24225,2020-02-23,Daegu,4.9
24226,2020-02-23,Gwangju,5.0
24227,2020-02-23,Incheon,3.2
24228,2020-02-23,Daejeon,3.7
24229,2020-02-23,Ulsan,5.6
24230,2020-02-23,Gyeonggi-do,2.2
24231,2020-02-23,Gangwon-do,6.0
24232,2020-02-23,Chungcheongbuk-do,1.3
24233,2020-02-23,Chungcheongnam-do,2.0
24234,2020-02-23,Jeollabuk-do,3.7
24235,2020-02-23,Jeollanam-do,5.8
24236,2020-02-23,Gyeongsangbuk-do,5.2
24237,2020-02-23,Gyeongsangnam-do,4.9
24238,2020-02-23,Jeju-do,7.8
24239,2020-02-24,Seoul,7.0
24240,2020-02-24,Busan,10.8
24241,2020-02-24,Daegu,8.1
24242,2020-02-24,Gwangju,8.3
24243,2020-02-24,Incheon,6.8
24244,2020-02-24,Daejeon,7.4
24245,2020-02-24,Ulsan,10.8
24246,2020-02-24,Gyeonggi-do,7.0
24247,2020-02-24,Gangwon-do,11.3
24248,2020-02-24,Chungcheongbuk-do,4.7
24249,2020-02-24,Chungcheongnam-do,6.1
24250,2020-02-24,Jeollabuk-do,8.8
24251,2020-02-24,Jeollanam-do,8.8
24252,2020-02-24,Gyeongsangbuk-do,9.3
24253,2020-02-24,Gyeongsangnam-do,8.4
24254,2020-02-24,Jeju-do,11.5
24255,2020-02-25,Seoul,6.7
24256,2020-02-25,Busan,9.7
24257,2020-02-25,Daegu,7.0
24258,2020-02-25,Gwangju,12.4
24259,2020-02-25,Incheon,7.0
24260,2020-02-25,Daejeon,7.0
24261,2020-02-25,Ulsan,7.9
24262,2020-02-25,Gyeonggi-do,6.8
24263,2020-02-25,Gangwon-do,6.5
24264,2020-02-25,Chungcheongbuk-do,6.1
24265,2020-02-25,Chungcheongnam-do,6.6
24266,2020-02-25,Jeollabuk-do,8.5
24267,2020-02-25,Jeollanam-do,10.8
24268,2020-02-25,Gyeongsangbuk-do,6.6
24269,2020-02-25,Gyeongsangnam-do,8.1
24270,2020-02-25,Jeju-do,16.6
24271,2020-02-26,Seoul,6.4
24272,2020-02-26,Busan,9.5
24273,2020-02-26,Daegu,8.3
24274,2020-02-26,Gwangju,8.8
24275,2020-02-26,Incheon,6.0
24276,2020-02-26,Daejeon,8.0
24277,2020-02-26,Ulsan,8.5
24278,2020-02-26,Gyeonggi-do,5.6
24279,2020-02-26,Gangwon-do,4.0
24280,2020-02-26,Chungcheongbuk-do,6.4
24281,2020-02-26,Chungcheongnam-do,5.4
24282,2020-02-26,Jeollabuk-do,8.1
24283,2020-02-26,Jeollanam-do,9.8
24284,2020-02-26,Gyeongsangbuk-do,6.1
24285,2020-02-26,Gyeongsangnam-do,9.0
24286,2020-02-26,Jeju-do,11.4
24287,2020-02-27,Seoul,6.1
24288,2020-02-27,Busan,6.8
24289,2020-02-27,Daegu,6.1
24290,2020-02-27,Gwangju,7.2
24291,2020-02-27,Incheon,5.2
24292,2020-02-27,Daejeon,6.9
24293,2020-02-27,Ulsan,5.5
24294,2020-02-27,Gyeonggi-do,5.5
24295,2020-02-27,Gangwon-do,3.9
24296,2020-02-27,Chungcheongbuk-do,5.5
24297,2020-02-27,Chungcheongnam-do,5.2
24298,2020-02-27,Jeollabuk-do,6.5
24299,2020-02-27,Jeollanam-do,7.7
24300,2020-02-27,Gyeongsangbuk-do,3.9
24301,2020-02-27,Gyeongsangnam-do,5.9
24302,2020-02-27,Jeju-do,10.0
24303,2020-02-28,Seoul,4.5
24304,2020-02-28,Busan,6.9
24305,2020-02-28,Daegu,4.5
24306,2020-02-28,Gwangju,6.9
24307,2020-02-28,Incheon,4.3
24308,2020-02-28,Daejeon,5.1
24309,2020-02-28,Ulsan,4.7
24310,2020-02-28,Gyeonggi-do,4.6
24311,2020-02-28,Gangwon-do,6.6
24312,2020-02-28,Chungcheongbuk-do,2.9
24313,2020-02-28,Chungcheongnam-do,4.7
24314,2020-02-28,Jeollabuk-do,6.0
24315,2020-02-28,Jeollanam-do,6.9
24316,2020-02-28,Gyeongsangbuk-do,3.9
24317,2020-02-28,Gyeongsangnam-do,5.1
24318,2020-02-28,Jeju-do,10.4
24319,2020-02-29,Seoul,7.7
24320,2020-02-29,Busan,9.5
24321,2020-02-29,Daegu,6.3
24322,2020-02-29,Gwangju,9.3
24323,2020-02-29,Incheon,6.2
24324,2020-02-29,Daejeon,7.4
24325,2020-02-29,Ulsan,7.5
24326,2020-02-29,Gyeonggi-do,7.0
24327,2020-02-29,Gangwon-do,7.4
24328,2020-02-29,Chungcheongbuk-do,6.2
24329,2020-02-29,Chungcheongnam-do,6.7
24330,2020-02-29,Jeollabuk-do,7.7
24331,2020-02-29,Jeollanam-do,8.6
24332,2020-02-29,Gyeongsangbuk-do,7.4
24333,2020-02-29,Gyeongsangnam-do,6.3
24334,2020-02-29,Jeju-do,11.6
24335,2020-03-01,Seoul,5.8
24336,2020-03-01,Busan,10.8
24337,2020-03-01,Daegu,9.4
24338,2020-03-01,Gwangju,6.9
24339,2020-03-01,Incheon,5.1
24340,2020-03-01,Daejeon,6.3
24341,2020-03-01,Ulsan,9.4
24342,2020-03-01,Gyeonggi-do,4.8
24343,2020-03-01,Gangwon-do,8.0
24344,2020-03-01,Chungcheongbuk-do,5.9
24345,2020-03-01,Chungcheongnam-do,4.7
24346,2020-03-01,Jeollabuk-do,5.6
24347,2020-03-01,Jeollanam-do,10.1
24348,2020-03-01,Gyeongsangbuk-do,8.3
24349,2020-03-01,Gyeongsangnam-do,8.9
24350,2020-03-01,Jeju-do,11.2
24351,2020-03-02,Seoul,3.4
24352,2020-03-02,Busan,8.5
24353,2020-03-02,Daegu,7.1
24354,2020-03-02,Gwangju,6.0
24355,2020-03-02,Incheon,3.1
24356,2020-03-02,Daejeon,5.3
24357,2020-03-02,Ulsan,7.3
24358,2020-03-02,Gyeonggi-do,3.1
24359,2020-03-02,Gangwon-do,5.9
24360,2020-03-02,Chungcheongbuk-do,4.2
24361,2020-03-02,Chungcheongnam-do,3.4
24362,2020-03-02,Jeollabuk-do,4.9
24363,2020-03-02,Jeollanam-do,8.0
24364,2020-03-02,Gyeongsangbuk-do,6.1
24365,2020-03-02,Gyeongsangnam-do,7.7
24366,2020-03-02,Jeju-do,8.0
24367,2020-03-03,Seoul,4.8
24368,2020-03-03,Busan,8.7
24369,2020-03-03,Daegu,7.7
24370,2020-03-03,Gwangju,7.8
24371,2020-03-03,Incheon,4.8
24372,2020-03-03,Daejeon,7.2
24373,2020-03-03,Ulsan,7.1
24374,2020-03-03,Gyeonggi-do,4.6
24375,2020-03-03,Gangwon-do,6.8
24376,2020-03-03,Chungcheongbuk-do,6.0
24377,2020-03-03,Chungcheongnam-do,4.2
24378,2020-03-03,Jeollabuk-do,6.8
24379,2020-03-03,Jeollanam-do,9.1
24380,2020-03-03,Gyeongsangbuk-do,5.2
24381,2020-03-03,Gyeongsangnam-do,7.6
24382,2020-03-03,Jeju-do,10.7
24383,2020-03-04,Seoul,2.2
24384,2020-03-04,Busan,7.9
24385,2020-03-04,Daegu,5.9
24386,2020-03-04,Gwangju,4.9
24387,2020-03-04,Incheon,2.1
24388,2020-03-04,Daejeon,4.2
24389,2020-03-04,Ulsan,6.6
24390,2020-03-04,Gyeonggi-do,2.5
24391,2020-03-04,Gangwon-do,5.5
24392,2020-03-04,Chungcheongbuk-do,2.5
24393,2020-03-04,Chungcheongnam-do,2.8
24394,2020-03-04,Jeollabuk-do,3.8
24395,2020-03-04,Jeollanam-do,6.6
24396,2020-03-04,Gyeongsangbuk-do,5.6
24397,2020-03-04,Gyeongsangnam-do,6.4
24398,2020-03-04,Jeju-do,8.0
24399,2020-03-05,Seoul,1.4
24400,2020-03-05,Busan,5.1
24401,2020-03-05,Daegu,3.7
24402,2020-03-05,Gwangju,3.7
24403,2020-03-05,Incheon,1.3
24404,2020-03-05,Daejeon,3.0
24405,2020-03-05,Ulsan,3.7
24406,2020-03-05,Gyeonggi-do,1.1
24407,2020-03-05,Gangwon-do,3.4
24408,2020-03-05,Chungcheongbuk-do,1.0
24409,2020-03-05,Chungcheongnam-do,1.2
24410,2020-03-05,Jeollabuk-do,2.6
24411,2020-03-05,Jeollanam-do,5.0
24412,2020-03-05,Gyeongsangbuk-do,2.9
24413,2020-03-05,Gyeongsangnam-do,3.3
24414,2020-03-05,Jeju-do,6.1
24415,2020-03-06,Seoul,3.7
24416,2020-03-06,Busan,8.1
24417,2020-03-06,Daegu,5.4
24418,2020-03-06,Gwangju,5.7
24419,2020-03-06,Incheon,3.0
24420,2020-03-06,Daejeon,4.5
24421,2020-03-06,Ulsan,6.8
24422,2020-03-06,Gyeonggi-do,3.1
24423,2020-03-06,Gangwon-do,6.1
24424,2020-03-06,Chungcheongbuk-do,2.0
24425,2020-03-06,Chungcheongnam-do,2.3
24426,2020-03-06,Jeollabuk-do,4.5
24427,2020-03-06,Jeollanam-do,6.7
24428,2020-03-06,Gyeongsangbuk-do,5.9
24429,2020-03-06,Gyeongsangnam-do,5.9
24430,2020-03-06,Jeju-do,7.4
24431,2020-03-07,Seoul,7.0
24432,2020-03-07,Busan,8.2
24433,2020-03-07,Daegu,5.7
24434,2020-03-07,Gwangju,5.7
24435,2020-03-07,Incheon,6.0
24436,2020-03-07,Daejeon,6.0
24437,2020-03-07,Ulsan,7.3
24438,2020-03-07,Gyeonggi-do,5.3
24439,2020-03-07,Gangwon-do,6.9
24440,2020-03-07,Chungcheongbuk-do,4.4
24441,2020-03-07,Chungcheongnam-do,4.5
24442,2020-03-07,Jeollabuk-do,7.0
24443,2020-03-07,Jeollanam-do,7.6
24444,2020-03-07,Gyeongsangbuk-do,6.5
24445,2020-03-07,Gyeongsangnam-do,6.5
24446,2020-03-07,Jeju-do,10.3
24447,2020-03-08,Seoul,9.3
24448,2020-03-08,Busan,10.4
24449,2020-03-08,Daegu,8.3
24450,2020-03-08,Gwangju,9.6
24451,2020-03-08,Incheon,8.2
24452,2020-03-08,Daejeon,8.7
24453,2020-03-08,Ulsan,8.7
24454,2020-03-08,Gyeonggi-do,7.4
24455,2020-03-08,Gangwon-do,8.1
24456,2020-03-08,Chungcheongbuk-do,6.9
24457,2020-03-08,Chungcheongnam-do,6.9
24458,2020-03-08,Jeollabuk-do,9.1
24459,2020-03-08,Jeollanam-do,9.6
24460,2020-03-08,Gyeongsangbuk-do,7.7
24461,2020-03-08,Gyeongsangnam-do,9.0
24462,2020-03-08,Jeju-do,12.0
24463,2020-03-09,Seoul,11.1
24464,2020-03-09,Busan,11.0
24465,2020-03-09,Daegu,9.1
24466,2020-03-09,Gwangju,9.4
24467,2020-03-09,Incheon,9.4
24468,2020-03-09,Daejeon,10.0
24469,2020-03-09,Ulsan,9.3
24470,2020-03-09,Gyeonggi-do,9.5
24471,2020-03-09,Gangwon-do,10.1
24472,2020-03-09,Chungcheongbuk-do,8.9
24473,2020-03-09,Chungcheongnam-do,8.3
24474,2020-03-09,Jeollabuk-do,9.4
24475,2020-03-09,Jeollanam-do,10.2
24476,2020-03-09,Gyeongsangbuk-do,9.1
24477,2020-03-09,Gyeongsangnam-do,9.1
24478,2020-03-09,Jeju-do,13.1
24479,2020-03-10,Seoul,6.4
24480,2020-03-10,Busan,9.9
24481,2020-03-10,Daegu,9.0
24482,2020-03-10,Gwangju,6.7
24483,2020-03-10,Incheon,6.3
24484,2020-03-10,Daejeon,6.8
24485,2020-03-10,Ulsan,9.9
24486,2020-03-10,Gyeonggi-do,6.6
24487,2020-03-10,Gangwon-do,8.1
24488,2020-03-10,Chungcheongbuk-do,6.6
24489,2020-03-10,Chungcheongnam-do,5.9
24490,2020-03-10,Jeollabuk-do,6.4
24491,2020-03-10,Jeollanam-do,8.8
24492,2020-03-10,Gyeongsangbuk-do,9.0
24493,2020-03-10,Gyeongsangnam-do,9.0
24494,2020-03-10,Jeju-do,9.6
24495,2020-03-11,Seoul,3.8
24496,2020-03-11,Busan,7.8
24497,2020-03-11,Daegu,6.4
24498,2020-03-11,Gwangju,5.6
24499,2020-03-11,Incheon,3.8
24500,2020-03-11,Daejeon,4.8
24501,2020-03-11,Ulsan,6.6
24502,2020-03-11,Gyeonggi-do,3.5
24503,2020-03-11,Gangwon-do,6.6
24504,2020-03-11,Chungcheongbuk-do,3.3
24505,2020-03-11,Chungcheongnam-do,3.8
24506,2020-03-11,Jeollabuk-do,4.6
24507,2020-03-11,Jeollanam-do,6.5
24508,2020-03-11,Gyeongsangbuk-do,6.0
24509,2020-03-11,Gyeongsangnam-do,6.9
24510,2020-03-11,Jeju-do,8.4
24511,2020-03-12,Seoul,6.8
24512,2020-03-12,Busan,9.5
24513,2020-03-12,Daegu,8.3
24514,2020-03-12,Gwangju,7.5
24515,2020-03-12,Incheon,6.7
24516,2020-03-12,Daejeon,7.0
24517,2020-03-12,Ulsan,9.3
24518,2020-03-12,Gyeonggi-do,6.5
24519,2020-03-12,Gangwon-do,11.3
24520,2020-03-12,Chungcheongbuk-do,4.9
24521,2020-03-12,Chungcheongnam-do,5.1
24522,2020-03-12,Jeollabuk-do,7.0
24523,2020-03-12,Jeollanam-do,7.8
24524,2020-03-12,Gyeongsangbuk-do,9.8
24525,2020-03-12,Gyeongsangnam-do,7.7
24526,2020-03-12,Jeju-do,9.4
24527,2020-03-13,Seoul,4.9
24528,2020-03-13,Busan,11.6
24529,2020-03-13,Daegu,9.4
24530,2020-03-13,Gwangju,8.0
24531,2020-03-13,Incheon,4.2
24532,2020-03-13,Daejeon,6.6
24533,2020-03-13,Ulsan,10.6
24534,2020-03-13,Gyeonggi-do,5.4
24535,2020-03-13,Gangwon-do,8.0
24536,2020-03-13,Chungcheongbuk-do,5.7
24537,2020-03-13,Chungcheongnam-do,4.6
24538,2020-03-13,Jeollabuk-do,6.4
24539,2020-03-13,Jeollanam-do,10.7
24540,2020-03-13,Gyeongsangbuk-do,8.5
24541,2020-03-13,Gyeongsangnam-do,10.2
24542,2020-03-13,Jeju-do,11.2
24543,2020-03-14,Seoul,3.6
24544,2020-03-14,Busan,8.2
24545,2020-03-14,Daegu,6.5
24546,2020-03-14,Gwangju,5.9
24547,2020-03-14,Incheon,4.0
24548,2020-03-14,Daejeon,4.7
24549,2020-03-14,Ulsan,7.0
24550,2020-03-14,Gyeonggi-do,3.9
24551,2020-03-14,Gangwon-do,6.5
24552,2020-03-14,Chungcheongbuk-do,4.0
24553,2020-03-14,Chungcheongnam-do,3.9
24554,2020-03-14,Jeollabuk-do,5.0
24555,2020-03-14,Jeollanam-do,6.7
24556,2020-03-14,Gyeongsangbuk-do,6.1
24557,2020-03-14,Gyeongsangnam-do,6.8
24558,2020-03-14,Jeju-do,8.4
24559,2020-03-15,Seoul,4.0
24560,2020-03-15,Busan,7.7
24561,2020-03-15,Daegu,6.2
24562,2020-03-15,Gwangju,7.0
24563,2020-03-15,Incheon,4.6
24564,2020-03-15,Daejeon,5.4
24565,2020-03-15,Ulsan,6.6
24566,2020-03-15,Gyeonggi-do,4.5
24567,2020-03-15,Gangwon-do,4.6
24568,2020-03-15,Chungcheongbuk-do,4.1
24569,2020-03-15,Chungcheongnam-do,3.9
24570,2020-03-15,Jeollabuk-do,6.0
24571,2020-03-15,Jeollanam-do,8.2
24572,2020-03-15,Gyeongsangbuk-do,5.6
24573,2020-03-15,Gyeongsangnam-do,6.7
24574,2020-03-15,Jeju-do,11.1
24575,2020-03-16,Seoul,3.6
24576,2020-03-16,Busan,6.6
24577,2020-03-16,Daegu,6.4
24578,2020-03-16,Gwangju,5.4
24579,2020-03-16,Incheon,3.0
24580,2020-03-16,Daejeon,4.4
24581,2020-03-16,Ulsan,5.9
24582,2020-03-16,Gyeonggi-do,3.3
24583,2020-03-16,Gangwon-do,5.6
24584,2020-03-16,Chungcheongbuk-do,3.1
24585,2020-03-16,Chungcheongnam-do,3.3
24586,2020-03-16,Jeollabuk-do,4.5
24587,2020-03-16,Jeollanam-do,6.0
24588,2020-03-16,Gyeongsangbuk-do,5.3
24589,2020-03-16,Gyeongsangnam-do,5.3
24590,2020-03-16,Jeju-do,7.3
24591,2020-03-17,Seoul,6.6
24592,2020-03-17,Busan,11.1
24593,2020-03-17,Daegu,10.5
24594,2020-03-17,Gwangju,9.2
24595,2020-03-17,Incheon,6.6
24596,2020-03-17,Daejeon,7.8
24597,2020-03-17,Ulsan,11.2
24598,2020-03-17,Gyeonggi-do,5.9
24599,2020-03-17,Gangwon-do,8.2
24600,2020-03-17,Chungcheongbuk-do,4.4
24601,2020-03-17,Chungcheongnam-do,6.8
24602,2020-03-17,Jeollabuk-do,8.3
24603,2020-03-17,Jeollanam-do,10.3
24604,2020-03-17,Gyeongsangbuk-do,9.2
24605,2020-03-17,Gyeongsangnam-do,10.5
24606,2020-03-17,Jeju-do,13.0
24607,2020-03-18,Seoul,10.0
24608,2020-03-18,Busan,12.2
24609,2020-03-18,Daegu,11.7
24610,2020-03-18,Gwangju,12.5
24611,2020-03-18,Incheon,9.6
24612,2020-03-18,Daejeon,10.4
24613,2020-03-18,Ulsan,12.2
24614,2020-03-18,Gyeonggi-do,9.4
24615,2020-03-18,Gangwon-do,13.7
24616,2020-03-18,Chungcheongbuk-do,7.7
24617,2020-03-18,Chungcheongnam-do,8.8
24618,2020-03-18,Jeollabuk-do,12.1
24619,2020-03-18,Jeollanam-do,11.7
24620,2020-03-18,Gyeongsangbuk-do,10.9
24621,2020-03-18,Gyeongsangnam-do,10.8
24622,2020-03-18,Jeju-do,14.0
24623,2020-03-19,Seoul,9.1
24624,2020-03-19,Busan,12.6
24625,2020-03-19,Daegu,10.8
24626,2020-03-19,Gwangju,10.3
24627,2020-03-19,Incheon,8.2
24628,2020-03-19,Daejeon,10.4
24629,2020-03-19,Ulsan,13.4
24630,2020-03-19,Gyeonggi-do,8.7
24631,2020-03-19,Gangwon-do,12.2
24632,2020-03-19,Chungcheongbuk-do,8.4
24633,2020-03-19,Chungcheongnam-do,8.8
24634,2020-03-19,Jeollabuk-do,10.3
24635,2020-03-19,Jeollanam-do,11.3
24636,2020-03-19,Gyeongsangbuk-do,12.8
24637,2020-03-19,Gyeongsangnam-do,12.1
24638,2020-03-19,Jeju-do,13.9
24639,2020-03-20,Seoul,8.8
24640,2020-03-20,Busan,10.4
24641,2020-03-20,Daegu,12.0
24642,2020-03-20,Gwangju,10.6
24643,2020-03-20,Incheon,8.4
24644,2020-03-20,Daejeon,9.6
24645,2020-03-20,Ulsan,11.6
24646,2020-03-20,Gyeonggi-do,8.7
24647,2020-03-20,Gangwon-do,11.5
24648,2020-03-20,Chungcheongbuk-do,7.9
24649,2020-03-20,Chungcheongnam-do,8.1
24650,2020-03-20,Jeollabuk-do,9.7
24651,2020-03-20,Jeollanam-do,10.0
24652,2020-03-20,Gyeongsangbuk-do,11.3
24653,2020-03-20,Gyeongsangnam-do,9.7
24654,2020-03-20,Jeju-do,12.0
24655,2020-03-21,Seoul,12.8
24656,2020-03-21,Busan,13.7
24657,2020-03-21,Daegu,15.0
24658,2020-03-21,Gwangju,14.2
24659,2020-03-21,Incheon,10.7
24660,2020-03-21,Daejeon,14.6
24661,2020-03-21,Ulsan,15.5
24662,2020-03-21,Gyeonggi-do,11.8
24663,2020-03-21,Gangwon-do,14.0
24664,2020-03-21,Chungcheongbuk-do,12.5
24665,2020-03-21,Chungcheongnam-do,11.6
24666,2020-03-21,Jeollabuk-do,15.0
24667,2020-03-21,Jeollanam-do,12.9
24668,2020-03-21,Gyeongsangbuk-do,15.2
24669,2020-03-21,Gyeongsangnam-do,13.1
24670,2020-03-21,Jeju-do,17.4
24671,2020-03-22,Seoul,11.0
24672,2020-03-22,Busan,14.1
24673,2020-03-22,Daegu,14.1
24674,2020-03-22,Gwangju,14.6
24675,2020-03-22,Incheon,9.9
24676,2020-03-22,Daejeon,13.2
24677,2020-03-22,Ulsan,13.1
24678,2020-03-22,Gyeonggi-do,10.9
24679,2020-03-22,Gangwon-do,9.8
24680,2020-03-22,Chungcheongbuk-do,12.2
24681,2020-03-22,Chungcheongnam-do,9.6
24682,2020-03-22,Jeollabuk-do,13.4
24683,2020-03-22,Jeollanam-do,14.4
24684,2020-03-22,Gyeongsangbuk-do,10.1
24685,2020-03-22,Gyeongsangnam-do,13.0
24686,2020-03-22,Jeju-do,14.4
24687,2020-03-23,Seoul,10.6
24688,2020-03-23,Busan,12.6
24689,2020-03-23,Daegu,11.5
24690,2020-03-23,Gwangju,10.8
24691,2020-03-23,Incheon,9.5
24692,2020-03-23,Daejeon,10.2
24693,2020-03-23,Ulsan,12.0
24694,2020-03-23,Gyeonggi-do,9.3
24695,2020-03-23,Gangwon-do,8.9
24696,2020-03-23,Chungcheongbuk-do,9.2
24697,2020-03-23,Chungcheongnam-do,8.0
24698,2020-03-23,Jeollabuk-do,9.3
24699,2020-03-23,Jeollanam-do,12.9
24700,2020-03-23,Gyeongsangbuk-do,9.3
24701,2020-03-23,Gyeongsangnam-do,13.2
24702,2020-03-23,Jeju-do,12.7
24703,2020-03-24,Seoul,11.4
24704,2020-03-24,Busan,11.5
24705,2020-03-24,Daegu,11.2
24706,2020-03-24,Gwangju,11.4
24707,2020-03-24,Incheon,10.4
24708,2020-03-24,Daejeon,11.4
24709,2020-03-24,Ulsan,10.1
24710,2020-03-24,Gyeonggi-do,9.6
24711,2020-03-24,Gangwon-do,8.6
24712,2020-03-24,Chungcheongbuk-do,9.1
24713,2020-03-24,Chungcheongnam-do,8.8
24714,2020-03-24,Jeollabuk-do,10.2
24715,2020-03-24,Jeollanam-do,11.8
24716,2020-03-24,Gyeongsangbuk-do,7.6
24717,2020-03-24,Gyeongsangnam-do,10.6
24718,2020-03-24,Jeju-do,12.6
24719,2020-03-25,Seoul,12.5
24720,2020-03-25,Busan,13.0
24721,2020-03-25,Daegu,13.1
24722,2020-03-25,Gwangju,14.2
24723,2020-03-25,Incheon,11.7
24724,2020-03-25,Daejeon,13.6
24725,2020-03-25,Ulsan,11.9
24726,2020-03-25,Gyeonggi-do,11.8
24727,2020-03-25,Gangwon-do,10.9
24728,2020-03-25,Chungcheongbuk-do,11.6
24729,2020-03-25,Chungcheongnam-do,10.6
24730,2020-03-25,Jeollabuk-do,14.7
24731,2020-03-25,Jeollanam-do,12.6
24732,2020-03-25,Gyeongsangbuk-do,10.2
24733,2020-03-25,Gyeongsangnam-do,11.5
24734,2020-03-25,Jeju-do,16.3
24735,2020-03-26,Seoul,14.8
24736,2020-03-26,Busan,14.5
24737,2020-03-26,Daegu,13.2
24738,2020-03-26,Gwangju,13.7
24739,2020-03-26,Incheon,14.7
24740,2020-03-26,Daejeon,14.2
24741,2020-03-26,Ulsan,13.2
24742,2020-03-26,Gyeonggi-do,14.1
24743,2020-03-26,Gangwon-do,16.3
24744,2020-03-26,Chungcheongbuk-do,14.0
24745,2020-03-26,Chungcheongnam-do,13.4
24746,2020-03-26,Jeollabuk-do,15.2
24747,2020-03-26,Jeollanam-do,13.0
24748,2020-03-26,Gyeongsangbuk-do,14.3
24749,2020-03-26,Gyeongsangnam-do,12.6
24750,2020-03-26,Jeju-do,17.9
24751,2020-03-27,Seoul,11.9
24752,2020-03-27,Busan,13.7
24753,2020-03-27,Daegu,14.6
24754,2020-03-27,Gwangju,10.5
24755,2020-03-27,Incheon,10.7
24756,2020-03-27,Daejeon,11.9
24757,2020-03-27,Ulsan,13.4
24758,2020-03-27,Gyeonggi-do,11.1
24759,2020-03-27,Gangwon-do,9.9
24760,2020-03-27,Chungcheongbuk-do,11.4
24761,2020-03-27,Chungcheongnam-do,9.5
24762,2020-03-27,Jeollabuk-do,9.9
24763,2020-03-27,Jeollanam-do,13.7
24764,2020-03-27,Gyeongsangbuk-do,10.8
24765,2020-03-27,Gyeongsangnam-do,14.8
24766,2020-03-27,Jeju-do,12.0
24767,2020-03-28,Seoul,7.7
24768,2020-03-28,Busan,9.4
24769,2020-03-28,Daegu,8.2
24770,2020-03-28,Gwangju,7.3
24771,2020-03-28,Incheon,7.1
24772,2020-03-28,Daejeon,7.5
24773,2020-03-28,Ulsan,8.5
24774,2020-03-28,Gyeonggi-do,7.5
24775,2020-03-28,Gangwon-do,6.4
24776,2020-03-28,Chungcheongbuk-do,6.6
24777,2020-03-28,Chungcheongnam-do,6.3
24778,2020-03-28,Jeollabuk-do,7.2
24779,2020-03-28,Jeollanam-do,9.7
24780,2020-03-28,Gyeongsangbuk-do,7.6
24781,2020-03-28,Gyeongsangnam-do,9.0
24782,2020-03-28,Jeju-do,9.0
24783,2020-03-29,Seoul,8.7
24784,2020-03-29,Busan,10.4
24785,2020-03-29,Daegu,8.7
24786,2020-03-29,Gwangju,9.0
24787,2020-03-29,Incheon,7.8
24788,2020-03-29,Daejeon,8.9
24789,2020-03-29,Ulsan,8.7
24790,2020-03-29,Gyeonggi-do,7.4
24791,2020-03-29,Gangwon-do,6.9
24792,2020-03-29,Chungcheongbuk-do,7.6
24793,2020-03-29,Chungcheongnam-do,6.6
24794,2020-03-29,Jeollabuk-do,8.1
24795,2020-03-29,Jeollanam-do,10.4
24796,2020-03-29,Gyeongsangbuk-do,6.4
24797,2020-03-29,Gyeongsangnam-do,9.0
24798,2020-03-29,Jeju-do,11.2
24799,2020-03-30,Seoul,10.2
24800,2020-03-30,Busan,11.6
24801,2020-03-30,Daegu,11.5
24802,2020-03-30,Gwangju,11.9
24803,2020-03-30,Incheon,8.1
24804,2020-03-30,Daejeon,12.2
24805,2020-03-30,Ulsan,10.6
24806,2020-03-30,Gyeonggi-do,8.3
24807,2020-03-30,Gangwon-do,9.8
24808,2020-03-30,Chungcheongbuk-do,10.4
24809,2020-03-30,Chungcheongnam-do,7.2
24810,2020-03-30,Jeollabuk-do,10.8
24811,2020-03-30,Jeollanam-do,11.9
24812,2020-03-30,Gyeongsangbuk-do,8.7
24813,2020-03-30,Gyeongsangnam-do,10.8
24814,2020-03-30,Jeju-do,13.5
24815,2020-03-31,Seoul,11.9
24816,2020-03-31,Busan,12.9
24817,2020-03-31,Daegu,12.8
24818,2020-03-31,Gwangju,12.8
24819,2020-03-31,Incheon,9.9
24820,2020-03-31,Daejeon,12.6
24821,2020-03-31,Ulsan,11.3
24822,2020-03-31,Gyeonggi-do,9.8
24823,2020-03-31,Gangwon-do,12.1
24824,2020-03-31,Chungcheongbuk-do,10.8
24825,2020-03-31,Chungcheongnam-do,8.7
24826,2020-03-31,Jeollabuk-do,11.2
24827,2020-03-31,Jeollanam-do,13.0
24828,2020-03-31,Gyeongsangbuk-do,9.4
24829,2020-03-31,Gyeongsangnam-do,11.5
24830,2020-03-31,Jeju-do,13.9
24831,2020-04-01,Seoul,11.3
24832,2020-04-01,Busan,12.5
24833,2020-04-01,Daegu,13.9
24834,2020-04-01,Gwangju,10.7
24835,2020-04-01,Incheon,10.6
24836,2020-04-01,Daejeon,11.6
24837,2020-04-01,Ulsan,11.8
24838,2020-04-01,Gyeonggi-do,11.1
24839,2020-04-01,Gangwon-do,9.3
24840,2020-04-01,Chungcheongbuk-do,10.6
24841,2020-04-01,Chungcheongnam-do,9.9
24842,2020-04-01,Jeollabuk-do,9.8
24843,2020-04-01,Jeollanam-do,12.9
24844,2020-04-01,Gyeongsangbuk-do,10.1
24845,2020-04-01,Gyeongsangnam-do,12.8
24846,2020-04-01,Jeju-do,11.6
24847,2020-04-02,Seoul,9.3
24848,2020-04-02,Busan,11.5
24849,2020-04-02,Daegu,12.6
24850,2020-04-02,Gwangju,10.6
24851,2020-04-02,Incheon,8.2
24852,2020-04-02,Daejeon,10.1
24853,2020-04-02,Ulsan,11.0
24854,2020-04-02,Gyeonggi-do,8.7
24855,2020-04-02,Gangwon-do,11.8
24856,2020-04-02,Chungcheongbuk-do,8.3
24857,2020-04-02,Chungcheongnam-do,8.4
24858,2020-04-02,Jeollabuk-do,9.4
24859,2020-04-02,Jeollanam-do,11.0
24860,2020-04-02,Gyeongsangbuk-do,10.4
24861,2020-04-02,Gyeongsangnam-do,10.5
24862,2020-04-02,Jeju-do,11.8
24863,2020-04-03,Seoul,10.0
24864,2020-04-03,Busan,13.8
24865,2020-04-03,Daegu,13.5
24866,2020-04-03,Gwangju,10.9
24867,2020-04-03,Incheon,9.0
24868,2020-04-03,Daejeon,11.0
24869,2020-04-03,Ulsan,13.6
24870,2020-04-03,Gyeonggi-do,9.1
24871,2020-04-03,Gangwon-do,15.3
24872,2020-04-03,Chungcheongbuk-do,8.5
24873,2020-04-03,Chungcheongnam-do,8.4
24874,2020-04-03,Jeollabuk-do,9.6
24875,2020-04-03,Jeollanam-do,12.8
24876,2020-04-03,Gyeongsangbuk-do,14.4
24877,2020-04-03,Gyeongsangnam-do,12.1
24878,2020-04-03,Jeju-do,12.8
24879,2020-04-04,Seoul,8.9
24880,2020-04-04,Busan,12.8
24881,2020-04-04,Daegu,10.8
24882,2020-04-04,Gwangju,8.9
24883,2020-04-04,Incheon,8.7
24884,2020-04-04,Daejeon,9.5
24885,2020-04-04,Ulsan,11.2
24886,2020-04-04,Gyeonggi-do,8.9
24887,2020-04-04,Gangwon-do,8.7
24888,2020-04-04,Chungcheongbuk-do,7.5
24889,2020-04-04,Chungcheongnam-do,8.3
24890,2020-04-04,Jeollabuk-do,8.0
24891,2020-04-04,Jeollanam-do,12.5
24892,2020-04-04,Gyeongsangbuk-do,9.6
24893,2020-04-04,Gyeongsangnam-do,13.0
24894,2020-04-04,Jeju-do,11.6
24895,2020-04-05,Seoul,7.2
24896,2020-04-05,Busan,9.7
24897,2020-04-05,Daegu,9.3
24898,2020-04-05,Gwangju,7.8
24899,2020-04-05,Incheon,7.0
24900,2020-04-05,Daejeon,8.0
24901,2020-04-05,Ulsan,8.7
24902,2020-04-05,Gyeonggi-do,6.7
24903,2020-04-05,Gangwon-do,7.3
24904,2020-04-05,Chungcheongbuk-do,5.7
24905,2020-04-05,Chungcheongnam-do,6.3
24906,2020-04-05,Jeollabuk-do,6.3
24907,2020-04-05,Jeollanam-do,9.3
24908,2020-04-05,Gyeongsangbuk-do,6.0
24909,2020-04-05,Gyeongsangnam-do,9.0
24910,2020-04-05,Jeju-do,9.7
24911,2020-04-06,Seoul,9.3
24912,2020-04-06,Busan,11.7
24913,2020-04-06,Daegu,11.3
24914,2020-04-06,Gwangju,9.6
24915,2020-04-06,Incheon,8.3
24916,2020-04-06,Daejeon,9.7
24917,2020-04-06,Ulsan,11.3
24918,2020-04-06,Gyeonggi-do,8.2
24919,2020-04-06,Gangwon-do,11.3
24920,2020-04-06,Chungcheongbuk-do,8.4
24921,2020-04-06,Chungcheongnam-do,7.6
24922,2020-04-06,Jeollabuk-do,8.4
24923,2020-04-06,Jeollanam-do,10.8
24924,2020-04-06,Gyeongsangbuk-do,10.8
24925,2020-04-06,Gyeongsangnam-do,10.2
24926,2020-04-06,Jeju-do,10.7
24927,2020-04-07,Seoul,10.6
24928,2020-04-07,Busan,14.5
24929,2020-04-07,Daegu,15.3
24930,2020-04-07,Gwangju,12.1
24931,2020-04-07,Incheon,9.4
24932,2020-04-07,Daejeon,11.5
24933,2020-04-07,Ulsan,14.6
24934,2020-04-07,Gyeonggi-do,9.6
24935,2020-04-07,Gangwon-do,13.1
24936,2020-04-07,Chungcheongbuk-do,10.7
24937,2020-04-07,Chungcheongnam-do,9.1
24938,2020-04-07,Jeollabuk-do,10.6
24939,2020-04-07,Jeollanam-do,14.5
24940,2020-04-07,Gyeongsangbuk-do,13.4
24941,2020-04-07,Gyeongsangnam-do,13.6
24942,2020-04-07,Jeju-do,13.4
24943,2020-04-08,Seoul,9.4
24944,2020-04-08,Busan,13.3
24945,2020-04-08,Daegu,12.2
24946,2020-04-08,Gwangju,11.1
24947,2020-04-08,Incheon,9.2
24948,2020-04-08,Daejeon,10.1
24949,2020-04-08,Ulsan,12.1
24950,2020-04-08,Gyeonggi-do,8.8
24951,2020-04-08,Gangwon-do,8.2
24952,2020-04-08,Chungcheongbuk-do,8.3
24953,2020-04-08,Chungcheongnam-do,8.0
24954,2020-04-08,Jeollabuk-do,9.6
24955,2020-04-08,Jeollanam-do,13.5
24956,2020-04-08,Gyeongsangbuk-do,9.1
24957,2020-04-08,Gyeongsangnam-do,14.1
24958,2020-04-08,Jeju-do,12.9
24959,2020-04-09,Seoul,8.9
24960,2020-04-09,Busan,11.8
24961,2020-04-09,Daegu,10.3
24962,2020-04-09,Gwangju,9.8
24963,2020-04-09,Incheon,8.4
24964,2020-04-09,Daejeon,9.6
24965,2020-04-09,Ulsan,10.1
24966,2020-04-09,Gyeonggi-do,8.2
24967,2020-04-09,Gangwon-do,8.6
24968,2020-04-09,Chungcheongbuk-do,8.2
24969,2020-04-09,Chungcheongnam-do,7.6
24970,2020-04-09,Jeollabuk-do,8.4
24971,2020-04-09,Jeollanam-do,12.5
24972,2020-04-09,Gyeongsangbuk-do,9.0
24973,2020-04-09,Gyeongsangnam-do,11.0
24974,2020-04-09,Jeju-do,12.1
24975,2020-04-10,Seoul,10.7
24976,2020-04-10,Busan,10.0
24977,2020-04-10,Daegu,11.0
24978,2020-04-10,Gwangju,10.7
24979,2020-04-10,Incheon,9.5
24980,2020-04-10,Daejeon,10.9
24981,2020-04-10,Ulsan,9.4
24982,2020-04-10,Gyeonggi-do,9.3
24983,2020-04-10,Gangwon-do,8.9
24984,2020-04-10,Chungcheongbuk-do,10.1
24985,2020-04-10,Chungcheongnam-do,8.3
24986,2020-04-10,Jeollabuk-do,9.9
24987,2020-04-10,Jeollanam-do,10.8
24988,2020-04-10,Gyeongsangbuk-do,8.9
24989,2020-04-10,Gyeongsangnam-do,9.3
24990,2020-04-10,Jeju-do,12.9
24991,2020-04-11,Seoul,9.9
24992,2020-04-11,Busan,10.5
24993,2020-04-11,Daegu,10.6
24994,2020-04-11,Gwangju,7.8
24995,2020-04-11,Incheon,8.5
24996,2020-04-11,Daejeon,8.9
24997,2020-04-11,Ulsan,10.2
24998,2020-04-11,Gyeonggi-do,8.4
24999,2020-04-11,Gangwon-do,11.3
25000,2020-04-11,Chungcheongbuk-do,9.3
25001,2020-04-11,Chungcheongnam-do,7.0
25002,2020-04-11,Jeollabuk-do,8.4
25003,2020-04-11,Jeollanam-do,9.5
25004,2020-04-11,Gyeongsangbuk-do,10.8
25005,2020-04-11,Gyeongsangnam-do,9.4
25006,2020-04-11,Jeju-do,12.3
25007,2020-04-12,Seoul,9.9
25008,2020-04-12,Busan,9.0
25009,2020-04-12,Daegu,9.2
25010,2020-04-12,Gwangju,8.6
25011,2020-04-12,Incheon,10.3
25012,2020-04-12,Daejeon,8.6
25013,2020-04-12,Ulsan,8.8
25014,2020-04-12,Gyeonggi-do,9.6
25015,2020-04-12,Gangwon-do,7.7
25016,2020-04-12,Chungcheongbuk-do,8.4
25017,2020-04-12,Chungcheongnam-do,8.3
25018,2020-04-12,Jeollabuk-do,8.7
25019,2020-04-12,Jeollanam-do,9.6
25020,2020-04-12,Gyeongsangbuk-do,9.6
25021,2020-04-12,Gyeongsangnam-do,8.8
25022,2020-04-12,Jeju-do,9.8
25023,2020-04-13,Seoul,12.4
25024,2020-04-13,Busan,10.1
25025,2020-04-13,Daegu,10.2
25026,2020-04-13,Gwangju,9.5
25027,2020-04-13,Incheon,11.5
25028,2020-04-13,Daejeon,10.7
25029,2020-04-13,Ulsan,9.8
25030,2020-04-13,Gyeonggi-do,10.7
25031,2020-04-13,Gangwon-do,9.4
25032,2020-04-13,Chungcheongbuk-do,9.4
25033,2020-04-13,Chungcheongnam-do,10.0
25034,2020-04-13,Jeollabuk-do,9.8
25035,2020-04-13,Jeollanam-do,11.5
25036,2020-04-13,Gyeongsangbuk-do,9.4
25037,2020-04-13,Gyeongsangnam-do,9.7
25038,2020-04-13,Jeju-do,11.6
25039,2020-04-14,Seoul,13.0
25040,2020-04-14,Busan,15.1
25041,2020-04-14,Daegu,14.6
25042,2020-04-14,Gwangju,12.5
25043,2020-04-14,Incheon,11.1
25044,2020-04-14,Daejeon,12.9
25045,2020-04-14,Ulsan,14.4
25046,2020-04-14,Gyeonggi-do,11.3
25047,2020-04-14,Gangwon-do,17.6
25048,2020-04-14,Chungcheongbuk-do,11.2
25049,2020-04-14,Chungcheongnam-do,9.9
25050,2020-04-14,Jeollabuk-do,11.9
25051,2020-04-14,Jeollanam-do,13.8
25052,2020-04-14,Gyeongsangbuk-do,14.8
25053,2020-04-14,Gyeongsangnam-do,13.0
25054,2020-04-14,Jeju-do,13.2
25055,2020-04-15,Seoul,13.2
25056,2020-04-15,Busan,14.5
25057,2020-04-15,Daegu,14.5
25058,2020-04-15,Gwangju,12.9
25059,2020-04-15,Incheon,11.9
25060,2020-04-15,Daejeon,12.8
25061,2020-04-15,Ulsan,14.8
25062,2020-04-15,Gyeonggi-do,11.5
25063,2020-04-15,Gangwon-do,13.9
25064,2020-04-15,Chungcheongbuk-do,11.7
25065,2020-04-15,Chungcheongnam-do,10.9
25066,2020-04-15,Jeollabuk-do,12.0
25067,2020-04-15,Jeollanam-do,13.1
25068,2020-04-15,Gyeongsangbuk-do,14.1
25069,2020-04-15,Gyeongsangnam-do,12.8
25070,2020-04-15,Jeju-do,13.4
25071,2020-04-16,Seoul,16.0
25072,2020-04-16,Busan,12.9
25073,2020-04-16,Daegu,12.8
25074,2020-04-16,Gwangju,14.6
25075,2020-04-16,Incheon,14.7
25076,2020-04-16,Daejeon,16.0
25077,2020-04-16,Ulsan,12.0
25078,2020-04-16,Gyeonggi-do,14.3
25079,2020-04-16,Gangwon-do,10.9
25080,2020-04-16,Chungcheongbuk-do,14.9
25081,2020-04-16,Chungcheongnam-do,13.6
25082,2020-04-16,Jeollabuk-do,16.0
25083,2020-04-16,Jeollanam-do,12.9
25084,2020-04-16,Gyeongsangbuk-do,11.5
25085,2020-04-16,Gyeongsangnam-do,12.0
25086,2020-04-16,Jeju-do,15.9
25087,2020-04-17,Seoul,12.5
25088,2020-04-17,Busan,12.2
25089,2020-04-17,Daegu,10.7
25090,2020-04-17,Gwangju,13.4
25091,2020-04-17,Incheon,12.0
25092,2020-04-17,Daejeon,14.3
25093,2020-04-17,Ulsan,11.4
25094,2020-04-17,Gyeonggi-do,12.4
25095,2020-04-17,Gangwon-do,11.7
25096,2020-04-17,Chungcheongbuk-do,12.1
25097,2020-04-17,Chungcheongnam-do,13.1
25098,2020-04-17,Jeollabuk-do,14.2
25099,2020-04-17,Jeollanam-do,11.9
25100,2020-04-17,Gyeongsangbuk-do,10.6
25101,2020-04-17,Gyeongsangnam-do,10.6
25102,2020-04-17,Jeju-do,16.0
25103,2020-04-18,Seoul,13.5
25104,2020-04-18,Busan,13.9
25105,2020-04-18,Daegu,14.0
25106,2020-04-18,Gwangju,13.0
25107,2020-04-18,Incheon,12.0
25108,2020-04-18,Daejeon,14.2
25109,2020-04-18,Ulsan,13.2
25110,2020-04-18,Gyeonggi-do,12.8
25111,2020-04-18,Gangwon-do,10.6
25112,2020-04-18,Chungcheongbuk-do,12.6
25113,2020-04-18,Chungcheongnam-do,12.1
25114,2020-04-18,Jeollabuk-do,11.5
25115,2020-04-18,Jeollanam-do,13.7
25116,2020-04-18,Gyeongsangbuk-do,11.4
25117,2020-04-18,Gyeongsangnam-do,13.7
25118,2020-04-18,Jeju-do,12.9
25119,2020-04-19,Seoul,12.3
25120,2020-04-19,Busan,11.8
25121,2020-04-19,Daegu,11.1
25122,2020-04-19,Gwangju,11.5
25123,2020-04-19,Incheon,11.9
25124,2020-04-19,Daejeon,11.3
25125,2020-04-19,Ulsan,11.4
25126,2020-04-19,Gyeonggi-do,11.8
25127,2020-04-19,Gangwon-do,10.2
25128,2020-04-19,Chungcheongbuk-do,10.9
25129,2020-04-19,Chungcheongnam-do,10.7
25130,2020-04-19,Jeollabuk-do,11.2
25131,2020-04-19,Jeollanam-do,12.0
25132,2020-04-19,Gyeongsangbuk-do,10.2
25133,2020-04-19,Gyeongsangnam-do,11.1
25134,2020-04-19,Jeju-do,13.3
25135,2020-04-20,Seoul,10.0
25136,2020-04-20,Busan,14.0
25137,2020-04-20,Daegu,13.6
25138,2020-04-20,Gwangju,11.6
25139,2020-04-20,Incheon,10.0
25140,2020-04-20,Daejeon,11.0
25141,2020-04-20,Ulsan,14.6
25142,2020-04-20,Gyeonggi-do,10.3
25143,2020-04-20,Gangwon-do,11.9
25144,2020-04-20,Chungcheongbuk-do,10.1
25145,2020-04-20,Chungcheongnam-do,9.8
25146,2020-04-20,Jeollabuk-do,10.8
25147,2020-04-20,Jeollanam-do,13.7
25148,2020-04-20,Gyeongsangbuk-do,13.0
25149,2020-04-20,Gyeongsangnam-do,13.9
25150,2020-04-20,Jeju-do,13.8
25151,2020-04-21,Seoul,7.4
25152,2020-04-21,Busan,12.2
25153,2020-04-21,Daegu,11.4
25154,2020-04-21,Gwangju,10.0
25155,2020-04-21,Incheon,7.7
25156,2020-04-21,Daejeon,9.0
25157,2020-04-21,Ulsan,12.1
25158,2020-04-21,Gyeonggi-do,7.5
25159,2020-04-21,Gangwon-do,9.5
25160,2020-04-21,Chungcheongbuk-do,7.2
25161,2020-04-21,Chungcheongnam-do,7.9
25162,2020-04-21,Jeollabuk-do,8.7
25163,2020-04-21,Jeollanam-do,11.4
25164,2020-04-21,Gyeongsangbuk-do,10.1
25165,2020-04-21,Gyeongsangnam-do,11.6
25166,2020-04-21,Jeju-do,12.8
25167,2020-04-22,Seoul,6.0
25168,2020-04-22,Busan,9.3
25169,2020-04-22,Daegu,8.5
25170,2020-04-22,Gwangju,8.8
25171,2020-04-22,Incheon,6.6
25172,2020-04-22,Daejeon,7.3
25173,2020-04-22,Ulsan,8.8
25174,2020-04-22,Gyeonggi-do,6.7
25175,2020-04-22,Gangwon-do,8.0
25176,2020-04-22,Chungcheongbuk-do,6.2
25177,2020-04-22,Chungcheongnam-do,7.2
25178,2020-04-22,Jeollabuk-do,7.6
25179,2020-04-22,Jeollanam-do,9.0
25180,2020-04-22,Gyeongsangbuk-do,7.8
25181,2020-04-22,Gyeongsangnam-do,8.3
25182,2020-04-22,Jeju-do,11.1
25183,2020-04-23,Seoul,7.9
25184,2020-04-23,Busan,10.3
25185,2020-04-23,Daegu,9.9
25186,2020-04-23,Gwangju,9.5
25187,2020-04-23,Incheon,8.3
25188,2020-04-23,Daejeon,9.1
25189,2020-04-23,Ulsan,9.9
25190,2020-04-23,Gyeonggi-do,8.0
25191,2020-04-23,Gangwon-do,9.4
25192,2020-04-23,Chungcheongbuk-do,7.4
25193,2020-04-23,Chungcheongnam-do,8.7
25194,2020-04-23,Jeollabuk-do,9.1
25195,2020-04-23,Jeollanam-do,10.0
25196,2020-04-23,Gyeongsangbuk-do,8.7
25197,2020-04-23,Gyeongsangnam-do,9.4
25198,2020-04-23,Jeju-do,11.1
25199,2020-04-24,Seoul,9.9
25200,2020-04-24,Busan,11.1
25201,2020-04-24,Daegu,11.8
25202,2020-04-24,Gwangju,11.2
25203,2020-04-24,Incheon,9.8
25204,2020-04-24,Daejeon,10.7
25205,2020-04-24,Ulsan,11.9
25206,2020-04-24,Gyeonggi-do,9.9
25207,2020-04-24,Gangwon-do,12.3
25208,2020-04-24,Chungcheongbuk-do,9.8
25209,2020-04-24,Chungcheongnam-do,9.4
25210,2020-04-24,Jeollabuk-do,10.7
25211,2020-04-24,Jeollanam-do,11.2
25212,2020-04-24,Gyeongsangbuk-do,11.3
25213,2020-04-24,Gyeongsangnam-do,11.0
25214,2020-04-24,Jeju-do,13.1
25215,2020-04-25,Seoul,13.1
25216,2020-04-25,Busan,14.8
25217,2020-04-25,Daegu,15.9
25218,2020-04-25,Gwangju,14.2
25219,2020-04-25,Incheon,12.5
25220,2020-04-25,Daejeon,14.9
25221,2020-04-25,Ulsan,15.9
25222,2020-04-25,Gyeonggi-do,13.1
25223,2020-04-25,Gangwon-do,17.0
25224,2020-04-25,Chungcheongbuk-do,15.1
25225,2020-04-25,Chungcheongnam-do,12.7
25226,2020-04-25,Jeollabuk-do,14.7
25227,2020-04-25,Jeollanam-do,14.4
25228,2020-04-25,Gyeongsangbuk-do,16.7
25229,2020-04-25,Gyeongsangnam-do,14.7
25230,2020-04-25,Jeju-do,18.3
25231,2020-04-26,Seoul,12.3
25232,2020-04-26,Busan,14.2
25233,2020-04-26,Daegu,13.6
25234,2020-04-26,Gwangju,13.0
25235,2020-04-26,Incheon,12.1
25236,2020-04-26,Daejeon,12.8
25237,2020-04-26,Ulsan,12.5
25238,2020-04-26,Gyeonggi-do,11.8
25239,2020-04-26,Gangwon-do,10.6
25240,2020-04-26,Chungcheongbuk-do,11.1
25241,2020-04-26,Chungcheongnam-do,10.7
25242,2020-04-26,Jeollabuk-do,13.1
25243,2020-04-26,Jeollanam-do,14.2
25244,2020-04-26,Gyeongsangbuk-do,10.9
25245,2020-04-26,Gyeongsangnam-do,13.9
25246,2020-04-26,Jeju-do,14.2
25247,2020-04-27,Seoul,12.9
25248,2020-04-27,Busan,13.7
25249,2020-04-27,Daegu,12.9
25250,2020-04-27,Gwangju,12.8
25251,2020-04-27,Incheon,12.3
25252,2020-04-27,Daejeon,12.1
25253,2020-04-27,Ulsan,12.7
25254,2020-04-27,Gyeonggi-do,12.0
25255,2020-04-27,Gangwon-do,10.7
25256,2020-04-27,Chungcheongbuk-do,10.8
25257,2020-04-27,Chungcheongnam-do,10.8
25258,2020-04-27,Jeollabuk-do,11.9
25259,2020-04-27,Jeollanam-do,14.9
25260,2020-04-27,Gyeongsangbuk-do,9.6
25261,2020-04-27,Gyeongsangnam-do,13.0
25262,2020-04-27,Jeju-do,14.3
25263,2020-04-28,Seoul,13.9
25264,2020-04-28,Busan,14.3
25265,2020-04-28,Daegu,15.2
25266,2020-04-28,Gwangju,13.4
25267,2020-04-28,Incheon,12.2
25268,2020-04-28,Daejeon,13.5
25269,2020-04-28,Ulsan,13.8
25270,2020-04-28,Gyeonggi-do,13.6
25271,2020-04-28,Gangwon-do,16.8
25272,2020-04-28,Chungcheongbuk-do,12.0
25273,2020-04-28,Chungcheongnam-do,11.4
25274,2020-04-28,Jeollabuk-do,12.8
25275,2020-04-28,Jeollanam-do,14.7
25276,2020-04-28,Gyeongsangbuk-do,14.7
25277,2020-04-28,Gyeongsangnam-do,13.4
25278,2020-04-28,Jeju-do,15.2
25279,2020-04-29,Seoul,14.9
25280,2020-04-29,Busan,16.2
25281,2020-04-29,Daegu,17.6
25282,2020-04-29,Gwangju,15.7
25283,2020-04-29,Incheon,13.5
25284,2020-04-29,Daejeon,16.2
25285,2020-04-29,Ulsan,16.7
25286,2020-04-29,Gyeonggi-do,14.4
25287,2020-04-29,Gangwon-do,19.8
25288,2020-04-29,Chungcheongbuk-do,14.3
25289,2020-04-29,Chungcheongnam-do,13.5
25290,2020-04-29,Jeollabuk-do,15.1
25291,2020-04-29,Jeollanam-do,15.6
25292,2020-04-29,Gyeongsangbuk-do,16.7
25293,2020-04-29,Gyeongsangnam-do,15.2
25294,2020-04-29,Jeju-do,15.9
25295,2020-04-30,Seoul,17.1
25296,2020-04-30,Busan,16.9
25297,2020-04-30,Daegu,18.9
25298,2020-04-30,Gwangju,18.4
25299,2020-04-30,Incheon,15.9
25300,2020-04-30,Daejeon,17.7
25301,2020-04-30,Ulsan,19.0
25302,2020-04-30,Gyeonggi-do,16.3
25303,2020-04-30,Gangwon-do,21.4
25304,2020-04-30,Chungcheongbuk-do,16.0
25305,2020-04-30,Chungcheongnam-do,15.8
25306,2020-04-30,Jeollabuk-do,18.9
25307,2020-04-30,Jeollanam-do,16.6
25308,2020-04-30,Gyeongsangbuk-do,20.9
25309,2020-04-30,Gyeongsangnam-do,16.7
25310,2020-04-30,Jeju-do,19.0
25311,2020-05-01,Seoul,20.2
25312,2020-05-01,Busan,19.5
25313,2020-05-01,Daegu,22.7
25314,2020-05-01,Gwangju,21.6
25315,2020-05-01,Incheon,17.7
25316,2020-05-01,Daejeon,22.4
25317,2020-05-01,Ulsan,21.9
25318,2020-05-01,Gyeonggi-do,20.4
25319,2020-05-01,Gangwon-do,26.3
25320,2020-05-01,Chungcheongbuk-do,21.5
25321,2020-05-01,Chungcheongnam-do,18.1
25322,2020-05-01,Jeollabuk-do,23.0
25323,2020-05-01,Jeollanam-do,18.4
25324,2020-05-01,Gyeongsangbuk-do,24.5
25325,2020-05-01,Gyeongsangnam-do,19.2
25326,2020-05-01,Jeju-do,20.5
25327,2020-05-02,Seoul,20.3
25328,2020-05-02,Busan,18.7
25329,2020-05-02,Daegu,22.7
25330,2020-05-02,Gwangju,20.6
25331,2020-05-02,Incheon,18.6
25332,2020-05-02,Daejeon,22.5
25333,2020-05-02,Ulsan,21.6
25334,2020-05-02,Gyeonggi-do,20.8
25335,2020-05-02,Gangwon-do,24.9
25336,2020-05-02,Chungcheongbuk-do,21.0
25337,2020-05-02,Chungcheongnam-do,19.5
25338,2020-05-02,Jeollabuk-do,21.5
25339,2020-05-02,Jeollanam-do,18.0
25340,2020-05-02,Gyeongsangbuk-do,23.9
25341,2020-05-02,Gyeongsangnam-do,18.8
25342,2020-05-02,Jeju-do,19.2
25343,2020-05-03,Seoul,21.8
25344,2020-05-03,Busan,16.8
25345,2020-05-03,Daegu,17.9
25346,2020-05-03,Gwangju,19.1
25347,2020-05-03,Incheon,20.1
25348,2020-05-03,Daejeon,19.2
25349,2020-05-03,Ulsan,16.8
25350,2020-05-03,Gyeonggi-do,21.1
25351,2020-05-03,Gangwon-do,23.1
25352,2020-05-03,Chungcheongbuk-do,17.9
25353,2020-05-03,Chungcheongnam-do,20.1
25354,2020-05-03,Jeollabuk-do,19.6
25355,2020-05-03,Jeollanam-do,16.4
25356,2020-05-03,Gyeongsangbuk-do,18.2
25357,2020-05-03,Gyeongsangnam-do,16.2
25358,2020-05-03,Jeju-do,19.2
25359,2020-05-04,Seoul,20.2
25360,2020-05-04,Busan,19.0
25361,2020-05-04,Daegu,21.5
25362,2020-05-04,Gwangju,19.5
25363,2020-05-04,Incheon,15.9
25364,2020-05-04,Daejeon,20.6
25365,2020-05-04,Ulsan,19.5
25366,2020-05-04,Gyeonggi-do,18.3
25367,2020-05-04,Gangwon-do,17.2
25368,2020-05-04,Chungcheongbuk-do,19.6
25369,2020-05-04,Chungcheongnam-do,17.1
25370,2020-05-04,Jeollabuk-do,17.9
25371,2020-05-04,Jeollanam-do,20.1
25372,2020-05-04,Gyeongsangbuk-do,19.0
25373,2020-05-04,Gyeongsangnam-do,21.0
25374,2020-05-04,Jeju-do,18.5
25375,2020-05-05,Seoul,16.0
25376,2020-05-05,Busan,15.9
25377,2020-05-05,Daegu,16.8
25378,2020-05-05,Gwangju,17.9
25379,2020-05-05,Incheon,13.5
25380,2020-05-05,Daejeon,15.6
25381,2020-05-05,Ulsan,15.4
25382,2020-05-05,Gyeonggi-do,14.2
25383,2020-05-05,Gangwon-do,15.2
25384,2020-05-05,Chungcheongbuk-do,15.5
25385,2020-05-05,Chungcheongnam-do,11.7
25386,2020-05-05,Jeollabuk-do,14.7
25387,2020-05-05,Jeollanam-do,16.0
25388,2020-05-05,Gyeongsangbuk-do,14.2
25389,2020-05-05,Gyeongsangnam-do,16.1
25390,2020-05-05,Jeju-do,17.6
25391,2020-05-06,Seoul,19.4
25392,2020-05-06,Busan,17.9
25393,2020-05-06,Daegu,17.5
25394,2020-05-06,Gwangju,21.6
25395,2020-05-06,Incheon,18.1
25396,2020-05-06,Daejeon,19.7
25397,2020-05-06,Ulsan,16.7
25398,2020-05-06,Gyeonggi-do,17.8
25399,2020-05-06,Gangwon-do,15.8
25400,2020-05-06,Chungcheongbuk-do,18.4
25401,2020-05-06,Chungcheongnam-do,17.5
25402,2020-05-06,Jeollabuk-do,20.5
25403,2020-05-06,Jeollanam-do,18.0
25404,2020-05-06,Gyeongsangbuk-do,14.5
25405,2020-05-06,Gyeongsangnam-do,17.9
25406,2020-05-06,Jeju-do,19.5
25407,2020-05-07,Seoul,20.7
25408,2020-05-07,Busan,16.5
25409,2020-05-07,Daegu,15.8
25410,2020-05-07,Gwangju,19.9
25411,2020-05-07,Incheon,19.7
25412,2020-05-07,Daejeon,19.6
25413,2020-05-07,Ulsan,14.5
25414,2020-05-07,Gyeonggi-do,20.6
25415,2020-05-07,Gangwon-do,15.3
25416,2020-05-07,Chungcheongbuk-do,18.3
25417,2020-05-07,Chungcheongnam-do,18.9
25418,2020-05-07,Jeollabuk-do,20.7
25419,2020-05-07,Jeollanam-do,17.0
25420,2020-05-07,Gyeongsangbuk-do,12.9
25421,2020-05-07,Gyeongsangnam-do,17.1
25422,2020-05-07,Jeju-do,17.8
25423,2020-05-08,Seoul,19.9
25424,2020-05-08,Busan,17.4
25425,2020-05-08,Daegu,17.6
25426,2020-05-08,Gwangju,18.1
25427,2020-05-08,Incheon,18.4
25428,2020-05-08,Daejeon,19.4
25429,2020-05-08,Ulsan,16.7
25430,2020-05-08,Gyeonggi-do,18.9
25431,2020-05-08,Gangwon-do,16.3
25432,2020-05-08,Chungcheongbuk-do,18.2
25433,2020-05-08,Chungcheongnam-do,17.6
25434,2020-05-08,Jeollabuk-do,18.6
25435,2020-05-08,Jeollanam-do,16.9
25436,2020-05-08,Gyeongsangbuk-do,15.0
25437,2020-05-08,Gyeongsangnam-do,17.2
25438,2020-05-08,Jeju-do,20.9
25439,2020-05-09,Seoul,14.2
25440,2020-05-09,Busan,16.4
25441,2020-05-09,Daegu,17.0
25442,2020-05-09,Gwangju,17.0
25443,2020-05-09,Incheon,14.1
25444,2020-05-09,Daejeon,15.9
25445,2020-05-09,Ulsan,16.8
25446,2020-05-09,Gyeonggi-do,14.7
25447,2020-05-09,Gangwon-do,15.2
25448,2020-05-09,Chungcheongbuk-do,16.1
25449,2020-05-09,Chungcheongnam-do,14.9
25450,2020-05-09,Jeollabuk-do,17.4
25451,2020-05-09,Jeollanam-do,16.2
25452,2020-05-09,Gyeongsangbuk-do,15.2
25453,2020-05-09,Gyeongsangnam-do,15.9
25454,2020-05-09,Jeju-do,21.3
25455,2020-05-10,Seoul,14.4
25456,2020-05-10,Busan,17.6
25457,2020-05-10,Daegu,18.9
25458,2020-05-10,Gwangju,15.0
25459,2020-05-10,Incheon,13.3
25460,2020-05-10,Daejeon,14.7
25461,2020-05-10,Ulsan,19.4
25462,2020-05-10,Gyeonggi-do,14.2
25463,2020-05-10,Gangwon-do,19.2
25464,2020-05-10,Chungcheongbuk-do,14.5
25465,2020-05-10,Chungcheongnam-do,13.9
25466,2020-05-10,Jeollabuk-do,14.3
25467,2020-05-10,Jeollanam-do,17.2
25468,2020-05-10,Gyeongsangbuk-do,18.4
25469,2020-05-10,Gyeongsangnam-do,17.8
25470,2020-05-10,Jeju-do,16.0
25471,2020-05-11,Seoul,16.5
25472,2020-05-11,Busan,18.8
25473,2020-05-11,Daegu,21.1
25474,2020-05-11,Gwangju,18.8
25475,2020-05-11,Incheon,14.4
25476,2020-05-11,Daejeon,18.5
25477,2020-05-11,Ulsan,21.6
25478,2020-05-11,Gyeonggi-do,16.4
25479,2020-05-11,Gangwon-do,20.9
25480,2020-05-11,Chungcheongbuk-do,17.7
25481,2020-05-11,Chungcheongnam-do,15.4
25482,2020-05-11,Jeollabuk-do,17.8
25483,2020-05-11,Jeollanam-do,19.5
25484,2020-05-11,Gyeongsangbuk-do,20.9
25485,2020-05-11,Gyeongsangnam-do,20.7
25486,2020-05-11,Jeju-do,17.3
25487,2020-05-12,Seoul,14.3
25488,2020-05-12,Busan,18.2
25489,2020-05-12,Daegu,20.2
25490,2020-05-12,Gwangju,16.7
25491,2020-05-12,Incheon,14.1
25492,2020-05-12,Daejeon,16.5
25493,2020-05-12,Ulsan,19.9
25494,2020-05-12,Gyeonggi-do,14.1
25495,2020-05-12,Gangwon-do,18.4
25496,2020-05-12,Chungcheongbuk-do,15.6
25497,2020-05-12,Chungcheongnam-do,14.1
25498,2020-05-12,Jeollabuk-do,16.0
25499,2020-05-12,Jeollanam-do,17.7
25500,2020-05-12,Gyeongsangbuk-do,19.2
25501,2020-05-12,Gyeongsangnam-do,18.7
25502,2020-05-12,Jeju-do,18.5
25503,2020-05-13,Seoul,16.1
25504,2020-05-13,Busan,17.9
25505,2020-05-13,Daegu,18.6
25506,2020-05-13,Gwangju,16.9
25507,2020-05-13,Incheon,15.1
25508,2020-05-13,Daejeon,16.3
25509,2020-05-13,Ulsan,18.6
25510,2020-05-13,Gyeonggi-do,15.8
25511,2020-05-13,Gangwon-do,20.0
25512,2020-05-13,Chungcheongbuk-do,15.0
25513,2020-05-13,Chungcheongnam-do,14.8
25514,2020-05-13,Jeollabuk-do,16.1
25515,2020-05-13,Jeollanam-do,18.0
25516,2020-05-13,Gyeongsangbuk-do,18.8
25517,2020-05-13,Gyeongsangnam-do,17.4
25518,2020-05-13,Jeju-do,17.0
25519,2020-05-14,Seoul,19.3
25520,2020-05-14,Busan,20.1
25521,2020-05-14,Daegu,19.9
25522,2020-05-14,Gwangju,19.8
25523,2020-05-14,Incheon,19.1
25524,2020-05-14,Daejeon,19.9
25525,2020-05-14,Ulsan,20.5
25526,2020-05-14,Gyeonggi-do,20.0
25527,2020-05-14,Gangwon-do,24.3
25528,2020-05-14,Chungcheongbuk-do,18.5
25529,2020-05-14,Chungcheongnam-do,18.8
25530,2020-05-14,Jeollabuk-do,21.5
25531,2020-05-14,Jeollanam-do,18.5
25532,2020-05-14,Gyeongsangbuk-do,21.0
25533,2020-05-14,Gyeongsangnam-do,18.9
25534,2020-05-14,Jeju-do,20.2
25535,2020-05-15,Seoul,16.1
25536,2020-05-15,Busan,16.3
25537,2020-05-15,Daegu,16.5
25538,2020-05-15,Gwangju,18.2
25539,2020-05-15,Incheon,16.4
25540,2020-05-15,Daejeon,16.7
25541,2020-05-15,Ulsan,16.2
25542,2020-05-15,Gyeonggi-do,16.2
25543,2020-05-15,Gangwon-do,17.3
25544,2020-05-15,Chungcheongbuk-do,16.1
25545,2020-05-15,Chungcheongnam-do,16.2
25546,2020-05-15,Jeollabuk-do,18.1
25547,2020-05-15,Jeollanam-do,16.7
25548,2020-05-15,Gyeongsangbuk-do,15.1
25549,2020-05-15,Gyeongsangnam-do,15.7
25550,2020-05-15,Jeju-do,22.1
25551,2020-05-16,Seoul,16.7
25552,2020-05-16,Busan,18.2
25553,2020-05-16,Daegu,19.3
25554,2020-05-16,Gwangju,19.1
25555,2020-05-16,Incheon,15.3
25556,2020-05-16,Daejeon,17.9
25557,2020-05-16,Ulsan,17.9
25558,2020-05-16,Gyeonggi-do,16.5
25559,2020-05-16,Gangwon-do,15.9
25560,2020-05-16,Chungcheongbuk-do,18.3
25561,2020-05-16,Chungcheongnam-do,14.8
25562,2020-05-16,Jeollabuk-do,17.0
25563,2020-05-16,Jeollanam-do,18.8
25564,2020-05-16,Gyeongsangbuk-do,16.0
25565,2020-05-16,Gyeongsangnam-do,18.3
25566,2020-05-16,Jeju-do,16.6
25567,2020-05-17,Seoul,19.1
25568,2020-05-17,Busan,18.2
25569,2020-05-17,Daegu,22.0
25570,2020-05-17,Gwangju,20.6
25571,2020-05-17,Incheon,17.1
25572,2020-05-17,Daejeon,21.2
25573,2020-05-17,Ulsan,18.1
25574,2020-05-17,Gyeonggi-do,19.1
25575,2020-05-17,Gangwon-do,18.5
25576,2020-05-17,Chungcheongbuk-do,21.3
25577,2020-05-17,Chungcheongnam-do,17.8
25578,2020-05-17,Jeollabuk-do,20.1
25579,2020-05-17,Jeollanam-do,17.3
25580,2020-05-17,Gyeongsangbuk-do,17.1
25581,2020-05-17,Gyeongsangnam-do,18.1
25582,2020-05-17,Jeju-do,17.0
25583,2020-05-18,Seoul,19.1
25584,2020-05-18,Busan,17.3
25585,2020-05-18,Daegu,19.8
25586,2020-05-18,Gwangju,18.8
25587,2020-05-18,Incheon,18.1
25588,2020-05-18,Daejeon,20.2
25589,2020-05-18,Ulsan,17.1
25590,2020-05-18,Gyeonggi-do,19.2
25591,2020-05-18,Gangwon-do,15.7
25592,2020-05-18,Chungcheongbuk-do,20.3
25593,2020-05-18,Chungcheongnam-do,17.7
25594,2020-05-18,Jeollabuk-do,19.4
25595,2020-05-18,Jeollanam-do,17.3
25596,2020-05-18,Gyeongsangbuk-do,15.7
25597,2020-05-18,Gyeongsangnam-do,17.7
25598,2020-05-18,Jeju-do,19.2
25599,2020-05-19,Seoul,13.0
25600,2020-05-19,Busan,15.6
25601,2020-05-19,Daegu,15.5
25602,2020-05-19,Gwangju,13.5
25603,2020-05-19,Incheon,13.3
25604,2020-05-19,Daejeon,13.5
25605,2020-05-19,Ulsan,16.3
25606,2020-05-19,Gyeonggi-do,13.5
25607,2020-05-19,Gangwon-do,12.2
25608,2020-05-19,Chungcheongbuk-do,12.3
25609,2020-05-19,Chungcheongnam-do,14.2
25610,2020-05-19,Jeollabuk-do,13.9
25611,2020-05-19,Jeollanam-do,15.1
25612,2020-05-19,Gyeongsangbuk-do,14.7
25613,2020-05-19,Gyeongsangnam-do,14.9
25614,2020-05-19,Jeju-do,17.2
25615,2020-05-20,Seoul,14.4
25616,2020-05-20,Busan,15.2
25617,2020-05-20,Daegu,15.6
25618,2020-05-20,Gwangju,15.7
25619,2020-05-20,Incheon,14.2
25620,2020-05-20,Daejeon,14.5
25621,2020-05-20,Ulsan,13.8
25622,2020-05-20,Gyeonggi-do,14.1
25623,2020-05-20,Gangwon-do,10.8
25624,2020-05-20,Chungcheongbuk-do,11.8
25625,2020-05-20,Chungcheongnam-do,14.4
25626,2020-05-20,Jeollabuk-do,15.4
25627,2020-05-20,Jeollanam-do,16.2
25628,2020-05-20,Gyeongsangbuk-do,11.2
25629,2020-05-20,Gyeongsangnam-do,15.2
25630,2020-05-20,Jeju-do,16.6
25631,2020-05-21,Seoul,17.4
25632,2020-05-21,Busan,14.9
25633,2020-05-21,Daegu,16.2
25634,2020-05-21,Gwangju,18.1
25635,2020-05-21,Incheon,16.1
25636,2020-05-21,Daejeon,17.5
25637,2020-05-21,Ulsan,14.0
25638,2020-05-21,Gyeonggi-do,17.1
25639,2020-05-21,Gangwon-do,13.0
25640,2020-05-21,Chungcheongbuk-do,15.9
25641,2020-05-21,Chungcheongnam-do,16.3
25642,2020-05-21,Jeollabuk-do,17.8
25643,2020-05-21,Jeollanam-do,15.4
25644,2020-05-21,Gyeongsangbuk-do,12.1
25645,2020-05-21,Gyeongsangnam-do,14.4
25646,2020-05-21,Jeju-do,18.8
25647,2020-05-22,Seoul,18.5
25648,2020-05-22,Busan,15.4
25649,2020-05-22,Daegu,17.1
25650,2020-05-22,Gwangju,19.6
25651,2020-05-22,Incheon,17.8
25652,2020-05-22,Daejeon,19.1
25653,2020-05-22,Ulsan,14.1
25654,2020-05-22,Gyeonggi-do,18.2
25655,2020-05-22,Gangwon-do,14.1
25656,2020-05-22,Chungcheongbuk-do,18.4
25657,2020-05-22,Chungcheongnam-do,17.7
25658,2020-05-22,Jeollabuk-do,19.7
25659,2020-05-22,Jeollanam-do,16.5
25660,2020-05-22,Gyeongsangbuk-do,12.6
25661,2020-05-22,Gyeongsangnam-do,15.3
25662,2020-05-22,Jeju-do,19.1
25663,2020-05-23,Seoul,20.1
25664,2020-05-23,Busan,16.8
25665,2020-05-23,Daegu,20.1
25666,2020-05-23,Gwangju,20.2
25667,2020-05-23,Incheon,18.9
25668,2020-05-23,Daejeon,20.6
25669,2020-05-23,Ulsan,16.6
25670,2020-05-23,Gyeonggi-do,19.9
25671,2020-05-23,Gangwon-do,16.5
25672,2020-05-23,Chungcheongbuk-do,20.0
25673,2020-05-23,Chungcheongnam-do,19.2
25674,2020-05-23,Jeollabuk-do,20.6
25675,2020-05-23,Jeollanam-do,17.4
25676,2020-05-23,Gyeongsangbuk-do,15.0
25677,2020-05-23,Gyeongsangnam-do,16.4
25678,2020-05-23,Jeju-do,19.6
25679,2020-05-24,Seoul,17.1
25680,2020-05-24,Busan,19.1
25681,2020-05-24,Daegu,21.6
25682,2020-05-24,Gwangju,18.3
25683,2020-05-24,Incheon,15.3
25684,2020-05-24,Daejeon,19.8
25685,2020-05-24,Ulsan,20.9
25686,2020-05-24,Gyeonggi-do,16.8
25687,2020-05-24,Gangwon-do,19.4
25688,2020-05-24,Chungcheongbuk-do,19.2
25689,2020-05-24,Chungcheongnam-do,17.4
25690,2020-05-24,Jeollabuk-do,18.3
25691,2020-05-24,Jeollanam-do,19.3
25692,2020-05-24,Gyeongsangbuk-do,19.9
25693,2020-05-24,Gyeongsangnam-do,19.3
25694,2020-05-24,Jeju-do,20.4
25695,2020-05-25,Seoul,16.6
25696,2020-05-25,Busan,19.4
25697,2020-05-25,Daegu,21.4
25698,2020-05-25,Gwangju,18.5
25699,2020-05-25,Incheon,14.2
25700,2020-05-25,Daejeon,17.8
25701,2020-05-25,Ulsan,20.1
25702,2020-05-25,Gyeonggi-do,15.5
25703,2020-05-25,Gangwon-do,21.7
25704,2020-05-25,Chungcheongbuk-do,15.6
25705,2020-05-25,Chungcheongnam-do,15.9
25706,2020-05-25,Jeollabuk-do,16.5
25707,2020-05-25,Jeollanam-do,19.9
25708,2020-05-25,Gyeongsangbuk-do,19.4
25709,2020-05-25,Gyeongsangnam-do,20.0
25710,2020-05-25,Jeju-do,17.7
25711,2020-05-26,Seoul,16.2
25712,2020-05-26,Busan,19.0
25713,2020-05-26,Daegu,21.6
25714,2020-05-26,Gwangju,18.9
25715,2020-05-26,Incheon,14.9
25716,2020-05-26,Daejeon,19.6
25717,2020-05-26,Ulsan,19.8
25718,2020-05-26,Gyeonggi-do,16.1
25719,2020-05-26,Gangwon-do,19.8
25720,2020-05-26,Chungcheongbuk-do,18.1
25721,2020-05-26,Chungcheongnam-do,16.3
25722,2020-05-26,Jeollabuk-do,17.9
25723,2020-05-26,Jeollanam-do,19.4
25724,2020-05-26,Gyeongsangbuk-do,18.7
25725,2020-05-26,Gyeongsangnam-do,19.2
25726,2020-05-26,Jeju-do,18.4
25727,2020-05-27,Seoul,17.4
25728,2020-05-27,Busan,19.4
25729,2020-05-27,Daegu,21.4
25730,2020-05-27,Gwangju,19.5
25731,2020-05-27,Incheon,16.1
25732,2020-05-27,Daejeon,19.1
25733,2020-05-27,Ulsan,19.2
25734,2020-05-27,Gyeonggi-do,17.1
25735,2020-05-27,Gangwon-do,20.1
25736,2020-05-27,Chungcheongbuk-do,17.9
25737,2020-05-27,Chungcheongnam-do,17.1
25738,2020-05-27,Jeollabuk-do,18.4
25739,2020-05-27,Jeollanam-do,20.1
25740,2020-05-27,Gyeongsangbuk-do,17.8
25741,2020-05-27,Gyeongsangnam-do,19.7
25742,2020-05-27,Jeju-do,18.2
25743,2020-05-28,Seoul,18.7
25744,2020-05-28,Busan,19.2
25745,2020-05-28,Daegu,21.0
25746,2020-05-28,Gwangju,18.6
25747,2020-05-28,Incheon,17.4
25748,2020-05-28,Daejeon,19.1
25749,2020-05-28,Ulsan,19.6
25750,2020-05-28,Gyeonggi-do,18.0
25751,2020-05-28,Gangwon-do,19.8
25752,2020-05-28,Chungcheongbuk-do,17.5
25753,2020-05-28,Chungcheongnam-do,17.0
25754,2020-05-28,Jeollabuk-do,18.3
25755,2020-05-28,Jeollanam-do,19.6
25756,2020-05-28,Gyeongsangbuk-do,17.9
25757,2020-05-28,Gyeongsangnam-do,19.7
25758,2020-05-28,Jeju-do,19.7
25759,2020-05-29,Seoul,20.7
25760,2020-05-29,Busan,19.7
25761,2020-05-29,Daegu,21.1
25762,2020-05-29,Gwangju,21.3
25763,2020-05-29,Incheon,18.9
25764,2020-05-29,Daejeon,21.5
25765,2020-05-29,Ulsan,18.9
25766,2020-05-29,Gyeonggi-do,19.4
25767,2020-05-29,Gangwon-do,19.6
25768,2020-05-29,Chungcheongbuk-do,19.8
25769,2020-05-29,Chungcheongnam-do,18.9
25770,2020-05-29,Jeollabuk-do,21.1
25771,2020-05-29,Jeollanam-do,20.1
25772,2020-05-29,Gyeongsangbuk-do,16.8
25773,2020-05-29,Gyeongsangnam-do,18.9
25774,2020-05-29,Jeju-do,18.5
25775,2020-05-30,Seoul,22.6
25776,2020-05-30,Busan,20.2
25777,2020-05-30,Daegu,21.7
25778,2020-05-30,Gwangju,22.1
25779,2020-05-30,Incheon,20.9
25780,2020-05-30,Daejeon,22.7
25781,2020-05-30,Ulsan,19.6
25782,2020-05-30,Gyeonggi-do,21.6
25783,2020-05-30,Gangwon-do,20.8
25784,2020-05-30,Chungcheongbuk-do,21.4
25785,2020-05-30,Chungcheongnam-do,20.7
25786,2020-05-30,Jeollabuk-do,22.8
25787,2020-05-30,Jeollanam-do,20.5
25788,2020-05-30,Gyeongsangbuk-do,17.5
25789,2020-05-30,Gyeongsangnam-do,19.7
25790,2020-05-30,Jeju-do,20.0
25791,2020-05-31,Seoul,21.2
25792,2020-05-31,Busan,19.6
25793,2020-05-31,Daegu,22.3
25794,2020-05-31,Gwangju,20.1
25795,2020-05-31,Incheon,19.5
25796,2020-05-31,Daejeon,21.9
25797,2020-05-31,Ulsan,20.1
25798,2020-05-31,Gyeonggi-do,20.4
25799,2020-05-31,Gangwon-do,20.0
25800,2020-05-31,Chungcheongbuk-do,21.6
25801,2020-05-31,Chungcheongnam-do,19.9
25802,2020-05-31,Jeollabuk-do,20.9
25803,2020-05-31,Jeollanam-do,19.1
25804,2020-05-31,Gyeongsangbuk-do,18.5
25805,2020-05-31,Gyeongsangnam-do,19.3
25806,2020-05-31,Jeju-do,19.7
25807,2020-06-01,Seoul,19.7
25808,2020-06-01,Busan,22.0
25809,2020-06-01,Daegu,23.6
25810,2020-06-01,Gwangju,21.1
25811,2020-06-01,Incheon,17.4
25812,2020-06-01,Daejeon,21.1
25813,2020-06-01,Ulsan,22.8
25814,2020-06-01,Gyeonggi-do,18.9
25815,2020-06-01,Gangwon-do,23.8
25816,2020-06-01,Chungcheongbuk-do,19.7
25817,2020-06-01,Chungcheongnam-do,18.5
25818,2020-06-01,Jeollabuk-do,19.5
25819,2020-06-01,Jeollanam-do,22.5
25820,2020-06-01,Gyeongsangbuk-do,22.7
25821,2020-06-01,Gyeongsangnam-do,22.9
25822,2020-06-01,Jeju-do,18.7
25823,2020-06-02,Seoul,17.9
25824,2020-06-02,Busan,21.1
25825,2020-06-02,Daegu,22.5
25826,2020-06-02,Gwangju,21.3
25827,2020-06-02,Incheon,16.9
25828,2020-06-02,Daejeon,20.1
25829,2020-06-02,Ulsan,21.5
25830,2020-06-02,Gyeonggi-do,18.3
25831,2020-06-02,Gangwon-do,22.0
25832,2020-06-02,Chungcheongbuk-do,18.8
25833,2020-06-02,Chungcheongnam-do,17.3
25834,2020-06-02,Jeollabuk-do,20.0
25835,2020-06-02,Jeollanam-do,20.5
25836,2020-06-02,Gyeongsangbuk-do,21.7
25837,2020-06-02,Gyeongsangnam-do,21.1
25838,2020-06-02,Jeju-do,18.6
25839,2020-06-03,Seoul,22.0
25840,2020-06-03,Busan,21.3
25841,2020-06-03,Daegu,24.1
25842,2020-06-03,Gwangju,22.7
25843,2020-06-03,Incheon,20.1
25844,2020-06-03,Daejeon,23.3
25845,2020-06-03,Ulsan,23.2
25846,2020-06-03,Gyeonggi-do,21.9
25847,2020-06-03,Gangwon-do,25.1
25848,2020-06-03,Chungcheongbuk-do,21.8
25849,2020-06-03,Chungcheongnam-do,20.4
25850,2020-06-03,Jeollabuk-do,23.3
25851,2020-06-03,Jeollanam-do,20.9
25852,2020-06-03,Gyeongsangbuk-do,23.0
25853,2020-06-03,Gyeongsangnam-do,21.3
25854,2020-06-03,Jeju-do,20.5
25855,2020-06-04,Seoul,21.9
25856,2020-06-04,Busan,22.9
25857,2020-06-04,Daegu,27.7
25858,2020-06-04,Gwangju,24.9
25859,2020-06-04,Incheon,19.0
25860,2020-06-04,Daejeon,25.3
25861,2020-06-04,Ulsan,24.7
25862,2020-06-04,Gyeonggi-do,22.3
25863,2020-06-04,Gangwon-do,27.6
25864,2020-06-04,Chungcheongbuk-do,25.0
25865,2020-06-04,Chungcheongnam-do,19.7
25866,2020-06-04,Jeollabuk-do,24.5
25867,2020-06-04,Jeollanam-do,22.3
25868,2020-06-04,Gyeongsangbuk-do,27.3
25869,2020-06-04,Gyeongsangnam-do,23.8
25870,2020-06-04,Jeju-do,21.2
25871,2020-06-05,Seoul,23.0
25872,2020-06-05,Busan,22.0
25873,2020-06-05,Daegu,25.9
25874,2020-06-05,Gwangju,25.0
25875,2020-06-05,Incheon,20.2
25876,2020-06-05,Daejeon,25.4
25877,2020-06-05,Ulsan,23.2
25878,2020-06-05,Gyeonggi-do,21.5
25879,2020-06-05,Gangwon-do,20.0
25880,2020-06-05,Chungcheongbuk-do,24.1
25881,2020-06-05,Chungcheongnam-do,20.9
25882,2020-06-05,Jeollabuk-do,24.0
25883,2020-06-05,Jeollanam-do,23.0
25884,2020-06-05,Gyeongsangbuk-do,20.9
25885,2020-06-05,Gyeongsangnam-do,22.6
25886,2020-06-05,Jeju-do,19.9
25887,2020-06-06,Seoul,24.6
25888,2020-06-06,Busan,21.0
25889,2020-06-06,Daegu,21.2
25890,2020-06-06,Gwangju,24.0
25891,2020-06-06,Incheon,21.8
25892,2020-06-06,Daejeon,24.7
25893,2020-06-06,Ulsan,19.7
25894,2020-06-06,Gyeonggi-do,23.3
25895,2020-06-06,Gangwon-do,19.8
25896,2020-06-06,Chungcheongbuk-do,23.7
25897,2020-06-06,Chungcheongnam-do,21.5
25898,2020-06-06,Jeollabuk-do,23.2
25899,2020-06-06,Jeollanam-do,21.0
25900,2020-06-06,Gyeongsangbuk-do,18.8
25901,2020-06-06,Gyeongsangnam-do,21.7
25902,2020-06-06,Jeju-do,21.2
25903,2020-06-07,Seoul,22.7
25904,2020-06-07,Busan,21.5
25905,2020-06-07,Daegu,23.5
25906,2020-06-07,Gwangju,24.3
25907,2020-06-07,Incheon,19.8
25908,2020-06-07,Daejeon,24.0
25909,2020-06-07,Ulsan,20.3
25910,2020-06-07,Gyeonggi-do,21.6
25911,2020-06-07,Gangwon-do,22.3
25912,2020-06-07,Chungcheongbuk-do,22.7
25913,2020-06-07,Chungcheongnam-do,20.8
25914,2020-06-07,Jeollabuk-do,23.3
25915,2020-06-07,Jeollanam-do,21.6
25916,2020-06-07,Gyeongsangbuk-do,18.4
25917,2020-06-07,Gyeongsangnam-do,21.1
25918,2020-06-07,Jeju-do,21.3
25919,2020-06-08,Seoul,25.0
25920,2020-06-08,Busan,23.3
25921,2020-06-08,Daegu,26.9
25922,2020-06-08,Gwangju,26.0
25923,2020-06-08,Incheon,22.8
25924,2020-06-08,Daejeon,26.2
25925,2020-06-08,Ulsan,23.1
25926,2020-06-08,Gyeonggi-do,24.1
25927,2020-06-08,Gangwon-do,28.5
25928,2020-06-08,Chungcheongbuk-do,24.9
25929,2020-06-08,Chungcheongnam-do,23.2
25930,2020-06-08,Jeollabuk-do,25.7
25931,2020-06-08,Jeollanam-do,23.1
25932,2020-06-08,Gyeongsangbuk-do,22.2
25933,2020-06-08,Gyeongsangnam-do,23.0
25934,2020-06-08,Jeju-do,23.4
25935,2020-06-09,Seoul,26.7
25936,2020-06-09,Busan,24.0
25937,2020-06-09,Daegu,28.7
25938,2020-06-09,Gwangju,26.7
25939,2020-06-09,Incheon,24.6
25940,2020-06-09,Daejeon,27.3
25941,2020-06-09,Ulsan,23.7
25942,2020-06-09,Gyeonggi-do,25.7
25943,2020-06-09,Gangwon-do,29.5
25944,2020-06-09,Chungcheongbuk-do,26.0
25945,2020-06-09,Chungcheongnam-do,24.5
25946,2020-06-09,Jeollabuk-do,27.3
25947,2020-06-09,Jeollanam-do,24.3
25948,2020-06-09,Gyeongsangbuk-do,25.6
25949,2020-06-09,Gyeongsangnam-do,24.6
25950,2020-06-09,Jeju-do,26.7
25951,2020-06-10,Seoul,25.8
25952,2020-06-10,Busan,24.7
25953,2020-06-10,Daegu,28.1
25954,2020-06-10,Gwangju,24.9
25955,2020-06-10,Incheon,24.1
25956,2020-06-10,Daejeon,26.1
25957,2020-06-10,Ulsan,24.2
25958,2020-06-10,Gyeonggi-do,25.4
25959,2020-06-10,Gangwon-do,26.9
25960,2020-06-10,Chungcheongbuk-do,25.7
25961,2020-06-10,Chungcheongnam-do,24.1
25962,2020-06-10,Jeollabuk-do,26.0
25963,2020-06-10,Jeollanam-do,24.5
25964,2020-06-10,Gyeongsangbuk-do,25.2
25965,2020-06-10,Gyeongsangnam-do,24.7
25966,2020-06-10,Jeju-do,24.7
25967,2020-06-11,Seoul,26.1
25968,2020-06-11,Busan,22.6
25969,2020-06-11,Daegu,25.5
25970,2020-06-11,Gwangju,25.4
25971,2020-06-11,Incheon,24.3
25972,2020-06-11,Daejeon,25.4
25973,2020-06-11,Ulsan,23.7
25974,2020-06-11,Gyeonggi-do,25.4
25975,2020-06-11,Gangwon-do,26.3
25976,2020-06-11,Chungcheongbuk-do,25.4
25977,2020-06-11,Chungcheongnam-do,23.9
25978,2020-06-11,Jeollabuk-do,25.1
25979,2020-06-11,Jeollanam-do,23.6
25980,2020-06-11,Gyeongsangbuk-do,22.3
25981,2020-06-11,Gyeongsangnam-do,23.7
25982,2020-06-11,Jeju-do,24.5
25983,2020-06-12,Seoul,24.7
25984,2020-06-12,Busan,22.6
25985,2020-06-12,Daegu,25.6
25986,2020-06-12,Gwangju,25.4
25987,2020-06-12,Incheon,21.6
25988,2020-06-12,Daejeon,24.4
25989,2020-06-12,Ulsan,23.7
25990,2020-06-12,Gyeonggi-do,23.4
25991,2020-06-12,Gangwon-do,23.2
25992,2020-06-12,Chungcheongbuk-do,23.6
25993,2020-06-12,Chungcheongnam-do,21.8
25994,2020-06-12,Jeollabuk-do,23.8
25995,2020-06-12,Jeollanam-do,23.1
25996,2020-06-12,Gyeongsangbuk-do,21.3
25997,2020-06-12,Gyeongsangnam-do,24.3
25998,2020-06-12,Jeju-do,22.7
25999,2020-06-13,Seoul,26.9
26000,2020-06-13,Busan,22.0
26001,2020-06-13,Daegu,24.6
26002,2020-06-13,Gwangju,23.9
26003,2020-06-13,Incheon,24.6
26004,2020-06-13,Daejeon,24.4
26005,2020-06-13,Ulsan,22.7
26006,2020-06-13,Gyeonggi-do,25.7
26007,2020-06-13,Gangwon-do,27.4
26008,2020-06-13,Chungcheongbuk-do,25.0
26009,2020-06-13,Chungcheongnam-do,24.7
26010,2020-06-13,Jeollabuk-do,24.5
26011,2020-06-13,Jeollanam-do,22.3
26012,2020-06-13,Gyeongsangbuk-do,22.5
26013,2020-06-13,Gyeongsangnam-do,22.8
26014,2020-06-13,Jeju-do,25.6
26015,2020-06-14,Seoul,24.0
26016,2020-06-14,Busan,23.3
26017,2020-06-14,Daegu,25.5
26018,2020-06-14,Gwangju,23.1
26019,2020-06-14,Incheon,21.9
26020,2020-06-14,Daejeon,24.4
26021,2020-06-14,Ulsan,24.8
26022,2020-06-14,Gyeonggi-do,22.9
26023,2020-06-14,Gangwon-do,27.9
26024,2020-06-14,Chungcheongbuk-do,23.9
26025,2020-06-14,Chungcheongnam-do,23.1
26026,2020-06-14,Jeollabuk-do,22.9
26027,2020-06-14,Jeollanam-do,23.6
26028,2020-06-14,Gyeongsangbuk-do,25.0
26029,2020-06-14,Gyeongsangnam-do,24.3
26030,2020-06-14,Jeju-do,24.2
26031,2020-06-15,Seoul,23.0
26032,2020-06-15,Busan,23.8
26033,2020-06-15,Daegu,25.9
26034,2020-06-15,Gwangju,23.5
26035,2020-06-15,Incheon,20.3
26036,2020-06-15,Daejeon,23.3
26037,2020-06-15,Ulsan,25.4
26038,2020-06-15,Gyeonggi-do,22.3
26039,2020-06-15,Gangwon-do,27.4
26040,2020-06-15,Chungcheongbuk-do,22.4
26041,2020-06-15,Chungcheongnam-do,21.6
26042,2020-06-15,Jeollabuk-do,22.4
26043,2020-06-15,Jeollanam-do,23.5
26044,2020-06-15,Gyeongsangbuk-do,25.0
26045,2020-06-15,Gyeongsangnam-do,24.5
26046,2020-06-15,Jeju-do,22.2
26047,2020-06-16,Seoul,24.4
26048,2020-06-16,Busan,23.9
26049,2020-06-16,Daegu,24.8
26050,2020-06-16,Gwangju,24.0
26051,2020-06-16,Incheon,21.9
26052,2020-06-16,Daejeon,24.2
26053,2020-06-16,Ulsan,22.7
26054,2020-06-16,Gyeonggi-do,23.4
26055,2020-06-16,Gangwon-do,24.8
26056,2020-06-16,Chungcheongbuk-do,22.1
26057,2020-06-16,Chungcheongnam-do,22.5
26058,2020-06-16,Jeollabuk-do,22.8
26059,2020-06-16,Jeollanam-do,24.4
26060,2020-06-16,Gyeongsangbuk-do,21.7
26061,2020-06-16,Gyeongsangnam-do,23.3
26062,2020-06-16,Jeju-do,23.3
26063,2020-06-17,Seoul,24.3
26064,2020-06-17,Busan,22.3
26065,2020-06-17,Daegu,23.3
26066,2020-06-17,Gwangju,22.2
26067,2020-06-17,Incheon,21.6
26068,2020-06-17,Daejeon,23.5
26069,2020-06-17,Ulsan,21.8
26070,2020-06-17,Gyeonggi-do,22.9
26071,2020-06-17,Gangwon-do,27.1
26072,2020-06-17,Chungcheongbuk-do,23.2
26073,2020-06-17,Chungcheongnam-do,21.6
26074,2020-06-17,Jeollabuk-do,22.3
26075,2020-06-17,Jeollanam-do,21.6
26076,2020-06-17,Gyeongsangbuk-do,21.0
26077,2020-06-17,Gyeongsangnam-do,22.2
26078,2020-06-17,Jeju-do,20.9
26079,2020-06-18,Seoul,23.4
26080,2020-06-18,Busan,18.3
26081,2020-06-18,Daegu,19.2
26082,2020-06-18,Gwangju,18.3
26083,2020-06-18,Incheon,21.7
26084,2020-06-18,Daejeon,20.9
26085,2020-06-18,Ulsan,18.6
26086,2020-06-18,Gyeonggi-do,22.7
26087,2020-06-18,Gangwon-do,22.9
26088,2020-06-18,Chungcheongbuk-do,21.0
26089,2020-06-18,Chungcheongnam-do,21.8
26090,2020-06-18,Jeollabuk-do,19.8
26091,2020-06-18,Jeollanam-do,18.1
26092,2020-06-18,Gyeongsangbuk-do,20.5
26093,2020-06-18,Gyeongsangnam-do,17.9
26094,2020-06-18,Jeju-do,19.5
26095,2020-06-19,Seoul,24.7
26096,2020-06-19,Busan,21.8
26097,2020-06-19,Daegu,22.0
26098,2020-06-19,Gwangju,22.2
26099,2020-06-19,Incheon,23.2
26100,2020-06-19,Daejeon,24.0
26101,2020-06-19,Ulsan,21.2
26102,2020-06-19,Gyeonggi-do,23.8
26103,2020-06-19,Gangwon-do,19.1
26104,2020-06-19,Chungcheongbuk-do,22.3
26105,2020-06-19,Chungcheongnam-do,23.4
26106,2020-06-19,Jeollabuk-do,22.9
26107,2020-06-19,Jeollanam-do,21.1
26108,2020-06-19,Gyeongsangbuk-do,20.3
26109,2020-06-19,Gyeongsangnam-do,21.7
26110,2020-06-19,Jeju-do,19.9
26111,2020-06-20,Seoul,24.9
26112,2020-06-20,Busan,21.2
26113,2020-06-20,Daegu,23.2
26114,2020-06-20,Gwangju,22.9
26115,2020-06-20,Incheon,22.7
26116,2020-06-20,Daejeon,24.8
26117,2020-06-20,Ulsan,20.9
26118,2020-06-20,Gyeonggi-do,23.6
26119,2020-06-20,Gangwon-do,21.9
26120,2020-06-20,Chungcheongbuk-do,24.7
26121,2020-06-20,Chungcheongnam-do,22.2
26122,2020-06-20,Jeollabuk-do,22.9
26123,2020-06-20,Jeollanam-do,21.1
26124,2020-06-20,Gyeongsangbuk-do,20.0
26125,2020-06-20,Gyeongsangnam-do,21.0
26126,2020-06-20,Jeju-do,21.9
26127,2020-06-21,Seoul,26.1
26128,2020-06-21,Busan,21.2
26129,2020-06-21,Daegu,22.2
26130,2020-06-21,Gwangju,24.2
26131,2020-06-21,Incheon,23.8
26132,2020-06-21,Daejeon,26.2
26133,2020-06-21,Ulsan,20.0
26134,2020-06-21,Gyeonggi-do,24.2
26135,2020-06-21,Gangwon-do,23.3
26136,2020-06-21,Chungcheongbuk-do,25.7
26137,2020-06-21,Chungcheongnam-do,23.4
26138,2020-06-21,Jeollabuk-do,24.5
26139,2020-06-21,Jeollanam-do,21.4
26140,2020-06-21,Gyeongsangbuk-do,19.0
26141,2020-06-21,Gyeongsangnam-do,21.1
26142,2020-06-21,Jeju-do,21.8
26143,2020-06-22,Seoul,28.6
26144,2020-06-22,Busan,22.8
26145,2020-06-22,Daegu,25.3
26146,2020-06-22,Gwangju,24.5
26147,2020-06-22,Incheon,25.7
26148,2020-06-22,Daejeon,27.2
26149,2020-06-22,Ulsan,22.3
26150,2020-06-22,Gyeonggi-do,26.5
26151,2020-06-22,Gangwon-do,26.6
26152,2020-06-22,Chungcheongbuk-do,27.1
26153,2020-06-22,Chungcheongnam-do,25.4
26154,2020-06-22,Jeollabuk-do,25.4
26155,2020-06-22,Jeollanam-do,22.4
26156,2020-06-22,Gyeongsangbuk-do,21.0
26157,2020-06-22,Gyeongsangnam-do,22.8
26158,2020-06-22,Jeju-do,22.7
26159,2020-06-23,Seoul,27.3
26160,2020-06-23,Busan,23.8
26161,2020-06-23,Daegu,26.3
26162,2020-06-23,Gwangju,25.4
26163,2020-06-23,Incheon,24.3
26164,2020-06-23,Daejeon,27.0
26165,2020-06-23,Ulsan,23.3
26166,2020-06-23,Gyeonggi-do,25.5
26167,2020-06-23,Gangwon-do,22.9
26168,2020-06-23,Chungcheongbuk-do,26.6
26169,2020-06-23,Chungcheongnam-do,24.7
26170,2020-06-23,Jeollabuk-do,26.0
26171,2020-06-23,Jeollanam-do,23.0
26172,2020-06-23,Gyeongsangbuk-do,20.8
26173,2020-06-23,Gyeongsangnam-do,23.5
26174,2020-06-23,Jeju-do,25.6
26175,2020-06-24,Seoul,22.3
26176,2020-06-24,Busan,22.6
26177,2020-06-24,Daegu,22.2
26178,2020-06-24,Gwangju,23.1
26179,2020-06-24,Incheon,21.9
26180,2020-06-24,Daejeon,23.0
26181,2020-06-24,Ulsan,22.6
26182,2020-06-24,Gyeonggi-do,22.5
26183,2020-06-24,Gangwon-do,21.2
26184,2020-06-24,Chungcheongbuk-do,22.4
26185,2020-06-24,Chungcheongnam-do,22.5
26186,2020-06-24,Jeollabuk-do,23.7
26187,2020-06-24,Jeollanam-do,22.5
26188,2020-06-24,Gyeongsangbuk-do,20.5
26189,2020-06-24,Gyeongsangnam-do,21.8
26190,2020-06-24,Jeju-do,24.9
26191,2020-06-25,Seoul,21.6
26192,2020-06-25,Busan,22.0
26193,2020-06-25,Daegu,23.8
26194,2020-06-25,Gwangju,22.2
26195,2020-06-25,Incheon,20.3
26196,2020-06-25,Daejeon,21.8
26197,2020-06-25,Ulsan,22.7
26198,2020-06-25,Gyeonggi-do,21.6
26199,2020-06-25,Gangwon-do,20.5
26200,2020-06-25,Chungcheongbuk-do,21.3
26201,2020-06-25,Chungcheongnam-do,20.4
26202,2020-06-25,Jeollabuk-do,22.3
26203,2020-06-25,Jeollanam-do,21.8
26204,2020-06-25,Gyeongsangbuk-do,20.5
26205,2020-06-25,Gyeongsangnam-do,22.2
26206,2020-06-25,Jeju-do,22.9
26207,2020-06-26,Seoul,21.8
26208,2020-06-26,Busan,23.3
26209,2020-06-26,Daegu,25.5
26210,2020-06-26,Gwangju,23.8
26211,2020-06-26,Incheon,20.3
26212,2020-06-26,Daejeon,23.2
26213,2020-06-26,Ulsan,24.8
26214,2020-06-26,Gyeonggi-do,21.8
26215,2020-06-26,Gangwon-do,24.5
26216,2020-06-26,Chungcheongbuk-do,22.1
26217,2020-06-26,Chungcheongnam-do,21.7
26218,2020-06-26,Jeollabuk-do,22.8
26219,2020-06-26,Jeollanam-do,22.9
26220,2020-06-26,Gyeongsangbuk-do,24.4
26221,2020-06-26,Gyeongsangnam-do,24.3
26222,2020-06-26,Jeju-do,22.9
26223,2020-06-27,Seoul,24.1
26224,2020-06-27,Busan,23.2
26225,2020-06-27,Daegu,26.1
26226,2020-06-27,Gwangju,25.1
26227,2020-06-27,Incheon,22.7
26228,2020-06-27,Daejeon,24.6
26229,2020-06-27,Ulsan,24.8
26230,2020-06-27,Gyeonggi-do,23.7
26231,2020-06-27,Gangwon-do,26.0
26232,2020-06-27,Chungcheongbuk-do,23.2
26233,2020-06-27,Chungcheongnam-do,23.0
26234,2020-06-27,Jeollabuk-do,24.8
26235,2020-06-27,Jeollanam-do,23.1
26236,2020-06-27,Gyeongsangbuk-do,24.6
26237,2020-06-27,Gyeongsangnam-do,24.2
26238,2020-06-27,Jeju-do,23.1
26239,2020-06-28,Seoul,25.2
26240,2020-06-28,Busan,24.9
26241,2020-06-28,Daegu,26.1
26242,2020-06-28,Gwangju,25.0
26243,2020-06-28,Incheon,22.7
26244,2020-06-28,Daejeon,24.8
26245,2020-06-28,Ulsan,24.2
26246,2020-06-28,Gyeonggi-do,23.5
26247,2020-06-28,Gangwon-do,23.2
26248,2020-06-28,Chungcheongbuk-do,23.9
26249,2020-06-28,Chungcheongnam-do,22.7
26250,2020-06-28,Jeollabuk-do,23.5
26251,2020-06-28,Jeollanam-do,25.0
26252,2020-06-28,Gyeongsangbuk-do,23.3
26253,2020-06-28,Gyeongsangnam-do,25.6
26254,2020-06-28,Jeju-do,23.5
26255,2020-06-29,Seoul,23.8
26256,2020-06-29,Busan,21.6
26257,2020-06-29,Daegu,22.1
26258,2020-06-29,Gwangju,21.4
26259,2020-06-29,Incheon,22.0
26260,2020-06-29,Daejeon,22.4
26261,2020-06-29,Ulsan,21.4
26262,2020-06-29,Gyeonggi-do,22.7
26263,2020-06-29,Gangwon-do,22.2
26264,2020-06-29,Chungcheongbuk-do,22.5
26265,2020-06-29,Chungcheongnam-do,21.5
26266,2020-06-29,Jeollabuk-do,22.0
26267,2020-06-29,Jeollanam-do,21.9
26268,2020-06-29,Gyeongsangbuk-do,20.4
26269,2020-06-29,Gyeongsangnam-do,21.9
26270,2020-06-29,Jeju-do,23.2