,date,province,confirmed
170,2020-01-30,Seoul,3
171,2020-01-30,Busan,0
172,2020-01-30,Daegu,0
173,2020-01-30,Incheon,1
174,2020-01-30,Gwangju,0
175,2020-01-30,Daejeon,0
176,2020-01-30,Ulsan,0
178,2020-01-30,Gyeonggi-do,3
179,2020-01-30,Gangwon-do,0
180,2020-01-30,Chungcheongbuk-do,0
181,2020-01-30,Chungcheongnam-do,0
182,2020-01-30,Jeollabuk-do,0
183,2020-01-30,Jeollanam-do,0
184,2020-01-30,Gyeongsangbuk-do,0
185,2020-01-30,Gyeongsangnam-do,0
186,2020-01-30,Jeju-do,0
187,2020-01-31,Seoul,4
188,2020-01-31,Busan,0
189,2020-01-31,Daegu,0
190,2020-01-31,Incheon,1
191,2020-01-31,Gwangju,0
192,2020-01-31,Daejeon,0
193,2020-01-31,Ulsan,0
195,2020-01-31,Gyeonggi-do,5
196,2020-01-31,Gangwon-do,0
197,2020-01-31,Chungcheongbuk-do,0
198,2020-01-31,Chungcheongnam-do,0
199,2020-01-31,Jeollabuk-do,1
200,2020-01-31,Jeollanam-do,0
201,2020-01-31,Gyeongsangbuk-do,0
202,2020-01-31,Gyeongsangnam-do,0
203,2020-01-31,Jeju-do,0
204,2020-02-01,Seoul,4
205,2020-02-01,Busan,0
206,2020-02-01,Daegu,0
207,2020-02-01,Incheon,1
208,2020-02-01,Gwangju,0
209,2020-02-01,Daejeon,0
210,2020-02-01,Ulsan,0
212,2020-02-01,Gyeonggi-do,6
213,2020-02-01,Gangwon-do,0
214,2020-02-01,Chungcheongbuk-do,0
215,2020-02-01,Chungcheongnam-do,0
216,2020-02-01,Jeollabuk-do,1
217,2020-02-01,Jeollanam-do,0
218,2020-02-01,Gyeongsangbuk-do,0
219,2020-02-01,Gyeongsangnam-do,0
220,2020-02-01,Jeju-do,0
221,2020-02-02,Seoul,5
222,2020-02-02,Busan,0
223,2020-02-02,Daegu,0
224,2020-02-02,Incheon,1
225,2020-02-02,Gwangju,0
226,2020-02-02,Daejeon,0
227,2020-02-02,Ulsan,0
229,2020-02-02,Gyeonggi-do,8
230,2020-02-02,Gangwon-do,0
231,2020-02-02,Chungcheongbuk-do,0
232,2020-02-02,Chungcheongnam-do,0
233,2020-02-02,Jeollabuk-do,1
234,2020-02-02,Jeollanam-do,0
235,2020-02-02,Gyeongsangbuk-do,0
236,2020-02-02,Gyeongsangnam-do,0
237,2020-02-02,Jeju-do,0
238,2020-02-03,Seoul,5
239,2020-02-03,Busan,0
240,2020-02-03,Daegu,0
241,2020-02-03,Incheon,1
242,2020-02-03,Gwangju,0
243,2020-02-03,Daejeon,0
244,2020-02-03,Ulsan,0
246,2020-02-03,Gyeonggi-do,8
247,2020-02-03,Gangwon-do,0
248,2020-02-03,Chungcheongbuk-do,0
249,2020-02-03,Chungcheongnam-do,0
250,2020-02-03,Jeollabuk-do,1
251,2020-02-03,Jeollanam-do,0
252,2020-02-03,Gyeongsangbuk-do,0
253,2020-02-03,Gyeongsangnam-do,0
254,2020-02-03,Jeju-do,0
255,2020-02-04,Seoul,5
256,2020-02-04,Busan,0
257,2020-02-04,Daegu,0
258,2020-02-04,Incheon,1
259,2020-02-04,Gwangju,1
260,2020-02-04,Daejeon,0
261,2020-02-04,Ulsan,0
263,2020-02-04,Gyeonggi-do,8
264,2020-02-04,Gangwon-do,0
265,2020-02-04,Chungcheongbuk-do,0
266,2020-02-04,Chungcheongnam-do,0
267,2020-02-04,Jeollabuk-do,1
268,2020-02-04,Jeollanam-do,0
269,2020-02-04,Gyeongsangbuk-do,0
270,2020-02-04,Gyeongsangnam-do,0
271,2020-02-04,Jeju-do,0
272,2020-02-05,Seoul,5
273,2020-02-05,Busan,0
274,2020-02-05,Daegu,0
275,2020-02-05,Incheon,1
276,2020-02-05,Gwangju,1
277,2020-02-05,Daejeon,0
278,2020-02-05,Ulsan,0
280,2020-02-05,Gyeonggi-do,10
281,2020-02-05,Gangwon-do,0
282,2020-02-05,Chungcheongbuk-do,0
283,2020-02-05,Chungcheongnam-do,0
284,2020-02-05,Jeollabuk-do,1
285,2020-02-05,Jeollanam-do,0
286,2020-02-05,Gyeongsangbuk-do,0
287,2020-02-05,Gyeongsangnam-do,0
288,2020-02-05,Jeju-do,0
289,2020-02-06,Seoul,10
290,2020-02-06,Busan,0
291,2020-02-06,Daegu,0
292,2020-02-06,Incheon,1
293,2020-02-06,Gwangju,1
294,2020-02-06,Daejeon,0
295,2020-02-06,Ulsan,0
297,2020-02-06,Gyeonggi-do,10
298,2020-02-06,Gangwon-do,0
299,2020-02-06,Chungcheongbuk-do,0
300,2020-02-06,Chungcheongnam-do,0
301,2020-02-06,Jeollabuk-do,1
302,2020-02-06,Jeollanam-do,0
303,2020-02-06,Gyeongsangbuk-do,0
304,2020-02-06,Gyeongsangnam-do,0
305,2020-02-06,Jeju-do,0
306,2020-02-07,Seoul,11
307,2020-02-07,Busan,0
308,2020-02-07,Daegu,0
309,2020-02-07,Incheon,1
310,2020-02-07,Gwangju,1
311,2020-02-07,Daejeon,0
312,2020-02-07,Ulsan,0
314,2020-02-07,Gyeonggi-do,10
315,2020-02-07,Gangwon-do,0
316,2020-02-07,Chungcheongbuk-do,0
317,2020-02-07,Chungcheongnam-do,0
318,2020-02-07,Jeollabuk-do,1
319,2020-02-07,Jeollanam-do,0
320,2020-02-07,Gyeongsangbuk-do,0
321,2020-02-07,Gyeongsangnam-do,0
322,2020-02-07,Jeju-do,0
323,2020-02-08,Seoul,11
324,2020-02-08,Busan,0
325,2020-02-08,Daegu,0
326,2020-02-08,Incheon,1
327,2020-02-08,Gwangju,1
328,2020-02-08,Daejeon,0
329,2020-02-08,Ulsan,0
331,2020-02-08,Gyeonggi-do,10
332,2020-02-08,Gangwon-do,0
333,2020-02-08,Chungcheongbuk-do,0
334,2020-02-08,Chungcheongnam-do,0
335,2020-02-08,Jeollabuk-do,1
336,2020-02-08,Jeollanam-do,0
337,2020-02-08,Gyeongsangbuk-do,0
338,2020-02-08,Gyeongsangnam-do,0
339,2020-02-08,Jeju-do,0
340,2020-02-09,Seoul,14
341,2020-02-09,Busan,0
342,2020-02-09,Daegu,0
343,2020-02-09,Incheon,1
344,2020-02-09,Gwangju,1
345,2020-02-09,Daejeon,0
346,2020-02-09,Ulsan,0
348,2020-02-09,Gyeonggi-do,10
349,2020-02-09,Gangwon-do,0
350,2020-02-09,Chungcheongbuk-do,0
351,2020-02-09,Chungcheongnam-do,0
352,2020-02-09,Jeollabuk-do,1
353,2020-02-09,Jeollanam-do,0
354,2020-02-09,Gyeongsangbuk-do,0
355,2020-02-09,Gyeongsangnam-do,0
356,2020-02-09,Jeju-do,0
357,2020-02-10,Seoul,14
358,2020-02-10,Busan,0
359,2020-02-10,Daegu,0
360,2020-02-10,Incheon,1
361,2020-02-10,Gwangju,1
362,2020-02-10,Daejeon,0
363,2020-02-10,Ulsan,0
365,2020-02-10,Gyeonggi-do,10
366,2020-02-10,Gangwon-do,0
367,2020-02-10,Chungcheongbuk-do,0
368,2020-02-10,Chungcheongnam-do,0
369,2020-02-10,Jeollabuk-do,1
370,2020-02-10,Jeollanam-do,0
371,2020-02-10,Gyeongsangbuk-do,0
372,2020-02-10,Gyeongsangnam-do,0
373,2020-02-10,Jeju-do,0
374,2020-02-11,Seoul,14
375,2020-02-11,Busan,0
376,2020-02-11,Daegu,0
377,2020-02-11,Incheon,1
378,2020-02-11,Gwangju,1
379,2020-02-11,Daejeon,0
380,2020-02-11,Ulsan,0
382,2020-02-11,Gyeonggi-do,12
383,2020-02-11,Gangwon-do,0
384,2020-02-11,Chungcheongbuk-do,0
385,2020-02-11,Chungcheongnam-do,0
386,2020-02-11,Jeollabuk-do,1
387,2020-02-11,Jeollanam-do,0
388,2020-02-11,Gyeongsangbuk-do,0
389,2020-02-11,Gyeongsangnam-do,0
390,2020-02-11,Jeju-do,0
391,2020-02-12,Seoul,14
392,2020-02-12,Busan,0
393,2020-02-12,Daegu,0
394,2020-02-12,Incheon,1
395,2020-02-12,Gwangju,1
396,2020-02-12,Daejeon,0
397,2020-02-12,Ulsan,0
399,2020-02-12,Gyeonggi-do,12
400,2020-02-12,Gangwon-do,0
401,2020-02-12,Chungcheongbuk-do,0
402,2020-02-12,Chungcheongnam-do,0
403,2020-02-12,Jeollabuk-do,1
404,2020-02-12,Jeollanam-do,0
405,2020-02-12,Gyeongsangbuk-do,0
406,2020-02-12,Gyeongsangnam-do,0
407,2020-02-12,Jeju-do,0
408,2020-02-13,Seoul,14
409,2020-02-13,Busan,0
410,2020-02-13,Daegu,0
411,2020-02-13,Incheon,1
412,2020-02-13,Gwangju,1
413,2020-02-13,Daejeon,0
414,2020-02-13,Ulsan,0
416,2020-02-13,Gyeonggi-do,12
417,2020-02-13,Gangwon-do,0
418,2020-02-13,Chungcheongbuk-do,0
419,2020-02-13,Chungcheongnam-do,0
420,2020-02-13,Jeollabuk-do,1
421,2020-02-13,Jeollanam-do,0
422,2020-02-13,Gyeongsangbuk-do,0
423,2020-02-13,Gyeongsangnam-do,0
424,2020-02-13,Jeju-do,0
425,2020-02-14,Seoul,14
426,2020-02-14,Busan,0
427,2020-02-14,Daegu,0
428,2020-02-14,Incheon,1
429,2020-02-14,Gwangju,1
430,2020-02-14,Daejeon,0
431,2020-02-14,Ulsan,0
433,2020-02-14,Gyeonggi-do,12
434,2020-02-14,Gangwon-do,0
435,2020-02-14,Chungcheongbuk-do,0
436,2020-02-14,Chungcheongnam-do,0
437,2020-02-14,Jeollabuk-do,1
438,2020-02-14,Jeollanam-do,0
439,2020-02-14,Gyeongsangbuk-do,0
440,2020-02-14,Gyeongsangnam-do,0
441,2020-02-14,Jeju-do,0
442,2020-02-15,Seoul,14
443,2020-02-15,Busan,0
444,2020-02-15,Daegu,0
445,2020-02-15,Incheon,1
446,2020-02-15,Gwangju,1
447,2020-02-15,Daejeon,0
448,2020-02-15,Ulsan,0
450,2020-02-15,Gyeonggi-do,12
451,2020-02-15,Gangwon-do,0
452,2020-02-15,Chungcheongbuk-do,0
453,2020-02-15,Chungcheongnam-do,0
454,2020-02-15,Jeollabuk-do,1
455,2020-02-15,Jeollanam-do,0
456,2020-02-15,Gyeongsangbuk-do,0
457,2020-02-15,Gyeongsangnam-do,0
458,2020-02-15,Jeju-do,0
459,2020-02-16,Seoul,14
460,2020-02-16,Busan,0
461,2020-02-16,Daegu,0
462,2020-02-16,Incheon,1
463,2020-02-16,Gwangju,1
464,2020-02-16,Daejeon,0
465,2020-02-16,Ulsan,0
467,2020-02-16,Gyeonggi-do,12
468,2020-02-16,Gangwon-do,0
469,2020-02-16,Chungcheongbuk-do,0
470,2020-02-16,Chungcheongnam-do,0
471,2020-02-16,Jeollabuk-do,1
472,2020-02-16,Jeollanam-do,0
473,2020-02-16,Gyeongsangbuk-do,0
474,2020-02-16,Gyeongsangnam-do,0
475,2020-02-16,Jeju-do,0
476,2020-02-17,Seoul,14
477,2020-02-17,Busan,0
478,2020-02-17,Daegu,0
479,2020-02-17,Incheon,1
480,2020-02-17,Gwangju,1
481,2020-02-17,Daejeon,0
482,2020-02-17,Ulsan,0
484,2020-02-17,Gyeonggi-do,12
485,2020-02-17,Gangwon-do,0
486,2020-02-17,Chungcheongbuk-do,0
487,2020-02-17,Chungcheongnam-do,0
488,2020-02-17,Jeollabuk-do,1
489,2020-02-17,Jeollanam-do,0
490,2020-02-17,Gyeongsangbuk-do,0
491,2020-02-17,Gyeongsangnam-do,0
492,2020-02-17,Jeju-do,0
493,2020-02-18,Seoul,14
494,2020-02-18,Busan,0
495,2020-02-18,Daegu,1
496,2020-02-18,Incheon,1
497,2020-02-18,Gwangju,1
498,2020-02-18,Daejeon,0
499,2020-02-18,Ulsan,0
501,2020-02-18,Gyeonggi-do,12
502,2020-02-18,Gangwon-do,0
503,2020-02-18,Chungcheongbuk-do,0
504,2020-02-18,Chungcheongnam-do,0
505,2020-02-18,Jeollabuk-do,1
506,2020-02-18,Jeollanam-do,0
507,2020-02-18,Gyeongsangbuk-do,0
508,2020-02-18,Gyeongsangnam-do,0
509,2020-02-18,Jeju-do,0
510,2020-02-19,Seoul,20
511,2020-02-19,Busan,0
512,2020-02-19,Daegu,11
513,2020-02-19,Incheon,2
514,2020-02-19,Gwangju,1
515,2020-02-19,Daejeon,0
516,2020-02-19,Ulsan,0
518,2020-02-19,Gyeonggi-do,12
519,2020-02-19,Gangwon-do,0
520,2020-02-19,Chungcheongbuk-do,0
521,2020-02-19,Chungcheongnam-do,0
522,2020-02-19,Jeollabuk-do,1
523,2020-02-19,Jeollanam-do,0
524,2020-02-19,Gyeongsangbuk-do,2
525,2020-02-19,Gyeongsangnam-do,3
526,2020-02-19,Jeju-do,0
527,2020-02-20,Seoul,22
528,2020-02-20,Busan,8
529,2020-02-20,Daegu,30
530,2020-02-20,Incheon,2
531,2020-02-20,Gwangju,1
532,2020-02-20,Daejeon,0
533,2020-02-20,Ulsan,0
535,2020-02-20,Gyeonggi-do,12
536,2020-02-20,Gangwon-do,0
537,2020-02-20,Chungcheongbuk-do,0
538,2020-02-20,Chungcheongnam-do,0
539,2020-02-20,Jeollabuk-do,1
540,2020-02-20,Jeollanam-do,0
541,2020-02-20,Gyeongsangbuk-do,25
542,2020-02-20,Gyeongsangnam-do,3
543,2020-02-20,Jeju-do,0
544,2020-02-21,Seoul,27
545,2020-02-21,Busan,8
546,2020-02-21,Daegu,110
547,2020-02-21,Incheon,2
548,2020-02-21,Gwangju,3
549,2020-02-21,Daejeon,0
550,2020-02-21,Ulsan,0
552,2020-02-21,Gyeonggi-do,14
553,2020-02-21,Gangwon-do,0
554,2020-02-21,Chungcheongbuk-do,1
555,2020-02-21,Chungcheongnam-do,1
556,2020-02-21,Jeollabuk-do,2
557,2020-02-21,Jeollanam-do,0
558,2020-02-21,Gyeongsangbuk-do,28
559,2020-02-21,Gyeongsangnam-do,7
560,2020-02-21,Jeju-do,1
561,2020-02-22,Seoul,30
562,2020-02-22,Busan,11
563,2020-02-22,Daegu,193
564,2020-02-22,Incheon,2
565,2020-02-22,Gwangju,6
566,2020-02-22,Daejeon,2
567,2020-02-22,Ulsan,1
569,2020-02-22,Gyeonggi-do,20
570,2020-02-22,Gangwon-do,6
571,2020-02-22,Chungcheongbuk-do,3
572,2020-02-22,Chungcheongnam-do,1
573,2020-02-22,Jeollabuk-do,3
574,2020-02-22,Jeollanam-do,1
575,2020-02-22,Gyeongsangbuk-do,145
576,2020-02-22,Gyeongsangnam-do,7
577,2020-02-22,Jeju-do,1
578,2020-02-23,Seoul,31
579,2020-02-23,Busan,19
580,2020-02-23,Daegu,310
581,2020-02-23,Incheon,2
582,2020-02-23,Gwangju,8
583,2020-02-23,Daejeon,3
584,2020-02-23,Ulsan,1
586,2020-02-23,Gyeonggi-do,24
587,2020-02-23,Gangwon-do,6
588,2020-02-23,Chungcheongbuk-do,3
589,2020-02-23,Chungcheongnam-do,1
590,2020-02-23,Jeollabuk-do,3
591,2020-02-23,Jeollanam-do,1
592,2020-02-23,Gyeongsangbuk-do,170
593,2020-02-23,Gyeongsangnam-do,17
594,2020-02-23,Jeju-do,2
595,2020-02-24,Seoul,35
596,2020-02-24,Busan,34
597,2020-02-24,Daegu,483
598,2020-02-24,Incheon,2
599,2020-02-24,Gwangju,9
600,2020-02-24,Daejeon,3
601,2020-02-24,Ulsan,2
603,2020-02-24,Gyeonggi-do,35
604,2020-02-24,Gangwon-do,6
605,2020-02-24,Chungcheongbuk-do,3
606,2020-02-24,Chungcheongnam-do,1
607,2020-02-24,Jeollabuk-do,3
608,2020-02-24,Jeollanam-do,1
609,2020-02-24,Gyeongsangbuk-do,193
610,2020-02-24,Gyeongsangnam-do,20
611,2020-02-24,Jeju-do,2
612,2020-02-25,Seoul,41
613,2020-02-25,Busan,42
614,2020-02-25,Daegu,543
615,2020-02-25,Incheon,2
616,2020-02-25,Gwangju,9
617,2020-02-25,Daejeon,3
618,2020-02-25,Ulsan,3
620,2020-02-25,Gyeonggi-do,42
621,2020-02-25,Gangwon-do,6
622,2020-02-25,Chungcheongbuk-do,5
623,2020-02-25,Chungcheongnam-do,2
624,2020-02-25,Jeollabuk-do,3
625,2020-02-25,Jeollanam-do,1
626,2020-02-25,Gyeongsangbuk-do,249
627,2020-02-25,Gyeongsangnam-do,23
628,2020-02-25,Jeju-do,2
629,2020-02-26,Seoul,49
630,2020-02-26,Busan,58
631,2020-02-26,Daegu,710
632,2020-02-26,Incheon,3
633,2020-02-26,Gwangju,9
634,2020-02-26,Daejeon,5
635,2020-02-26,Ulsan,4
637,2020-02-26,Gyeonggi-do,51
638,2020-02-26,Gangwon-do,6
639,2020-02-26,Chungcheongbuk-do,5
640,2020-02-26,Chungcheongnam-do,3
641,2020-02-26,Jeollabuk-do,3
642,2020-02-26,Jeollanam-do,1
643,2020-02-26,Gyeongsangbuk-do,317
644,2020-02-26,Gyeongsangnam-do,34
645,2020-02-26,Jeju-do,2
646,2020-02-27,Seoul,56
647,2020-02-27,Busan,61
648,2020-02-27,Daegu,1132
649,2020-02-27,Incheon,3
650,2020-02-27,Gwangju,9
651,2020-02-27,Daejeon,9
652,2020-02-27,Ulsan,11
654,2020-02-27,Gyeonggi-do,62
655,2020-02-27,Gangwon-do,6
656,2020-02-27,Chungcheongbuk-do,8
657,2020-02-27,Chungcheongnam-do,12
658,2020-02-27,Jeollabuk-do,5
659,2020-02-27,Jeollanam-do,1
660,2020-02-27,Gyeongsangbuk-do,345
661,2020-02-27,Gyeongsangnam-do,43
662,2020-02-27,Jeju-do,2
663,2020-02-28,Seoul,62
664,2020-02-28,Busan,65
665,2020-02-28,Daegu,1580
666,2020-02-28,Incheon,4
667,2020-02-28,Gwangju,9
668,2020-02-28,Daejeon,13
669,2020-02-28,Ulsan,14
671,2020-02-28,Gyeonggi-do,72
672,2020-02-28,Gangwon-do,7
673,2020-02-28,Chungcheongbuk-do,9
674,2020-02-28,Chungcheongnam-do,35
675,2020-02-28,Jeollabuk-do,5
676,2020-02-28,Jeollanam-do,1
677,2020-02-28,Gyeongsangbuk-do,409
678,2020-02-28,Gyeongsangnam-do,49
679,2020-02-28,Jeju-do,2
680,2020-02-29,Seoul,77
681,2020-02-29,Busan,80
682,2020-02-29,Daegu,2236
683,2020-02-29,Incheon,6
684,2020-02-29,Gwangju,9
685,2020-02-29,Daejeon,13
686,2020-02-29,Ulsan,17
688,2020-02-29,Gyeonggi-do,82
689,2020-02-29,Gangwon-do,7
690,2020-02-29,Chungcheongbuk-do,10
691,2020-02-29,Chungcheongnam-do,55
692,2020-02-29,Jeollabuk-do,5
693,2020-02-29,Jeollanam-do,3
694,2020-02-29,Gyeongsangbuk-do,488
695,2020-02-29,Gyeongsangnam-do,59
696,2020-02-29,Jeju-do,2
697,2020-03-01,Seoul,87
698,2020-03-01,Busan,83
699,2020-03-01,Daegu,2704
700,2020-03-01,Incheon,6
701,2020-03-01,Gwangju,9
702,2020-03-01,Daejeon,13
703,2020-03-01,Ulsan,20
705,2020-03-01,Gyeonggi-do,89
706,2020-03-01,Gangwon-do,15
707,2020-03-01,Chungcheongbuk-do,11
708,2020-03-01,Chungcheongnam-do,68
709,2020-03-01,Jeollabuk-do,6
710,2020-03-01,Jeollanam-do,3
711,2020-03-01,Gyeongsangbuk-do,556
712,2020-03-01,Gyeongsangnam-do,63
713,2020-03-01,Jeju-do,2
714,2020-03-02,Seoul,91
715,2020-03-02,Busan,88
716,2020-03-02,Daegu,3081
717,2020-03-02,Incheon,7
718,2020-03-02,Gwangju,9
719,2020-03-02,Daejeon,14
720,2020-03-02,Ulsan,20
722,2020-03-02,Gyeonggi-do,92
723,2020-03-02,Gangwon-do,19
724,2020-03-02,Chungcheongbuk-do,11
725,2020-03-02,Chungcheongnam-do,78
726,2020-03-02,Jeollabuk-do,6
727,2020-03-02,Jeollanam-do,5
728,2020-03-02,Gyeongsangbuk-do,624
729,2020-03-02,Gyeongsangnam-do,64
730,2020-03-02,Jeju-do,2
731,2020-03-03,Seoul,98
732,2020-03-03,Busan,90
733,2020-03-03,Daegu,3601
734,2020-03-03,Incheon,7
735,2020-03-03,Gwangju,11
736,2020-03-03,Daejeon,14
737,2020-03-03,Ulsan,20
739,2020-03-03,Gyeonggi-do,94
740,2020-03-03,Gangwon-do,20
741,2020-03-03,Chungcheongbuk-do,11
742,2020-03-03,Chungcheongnam-do,81
743,2020-03-03,Jeollabuk-do,7
744,2020-03-03,Jeollanam-do,5
745,2020-03-03,Gyeongsangbuk-do,685
746,2020-03-03,Gyeongsangnam-do,64
747,2020-03-03,Jeju-do,3
748,2020-03-04,Seoul,99
749,2020-03-04,Busan,92
750,2020-03-04,Daegu,4007
751,2020-03-04,Incheon,9
752,2020-03-04,Gwangju,13
753,2020-03-04,Daejeon,15
754,2020-03-04,Ulsan,23
756,2020-03-04,Gyeonggi-do,101
757,2020-03-04,Gangwon-do,21
758,2020-03-04,Chungcheongbuk-do,11
759,2020-03-04,Chungcheongnam-do,82
760,2020-03-04,Jeollabuk-do,7
761,2020-03-04,Jeollanam-do,4
762,2020-03-04,Gyeongsangbuk-do,774
763,2020-03-04,Gyeongsangnam-do,65
764,2020-03-04,Jeju-do,3
765,2020-03-05,Seoul,103
766,2020-03-05,Busan,92
767,2020-03-05,Daegu,4328
768,2020-03-05,Incheon,9
769,2020-03-05,Gwangju,13
770,2020-03-05,Daejeon,16
771,2020-03-05,Ulsan,23
773,2020-03-05,Gyeonggi-do,110
774,2020-03-05,Gangwon-do,23
775,2020-03-05,Chungcheongbuk-do,12
776,2020-03-05,Chungcheongnam-do,86
777,2020-03-05,Jeollabuk-do,7
778,2020-03-05,Jeollanam-do,4
779,2020-03-05,Gyeongsangbuk-do,861
780,2020-03-05,Gyeongsangnam-do,74
781,2020-03-05,Jeju-do,4
782,2020-03-06,Seoul,105
783,2020-03-06,Busan,95
784,2020-03-06,Daegu,4694
785,2020-03-06,Incheon,9
786,2020-03-06,Gwangju,13
787,2020-03-06,Daejeon,18
788,2020-03-06,Ulsan,23
790,2020-03-06,Gyeonggi-do,120
791,2020-03-06,Gangwon-do,25
792,2020-03-06,Chungcheongbuk-do,15
793,2020-03-06,Chungcheongnam-do,90
794,2020-03-06,Jeollabuk-do,7
795,2020-03-06,Jeollanam-do,4
796,2020-03-06,Gyeongsangbuk-do,984
797,2020-03-06,Gyeongsangnam-do,77
798,2020-03-06,Jeju-do,4
799,2020-03-07,Seoul,108
800,2020-03-07,Busan,96
801,2020-03-07,Daegu,5084
802,2020-03-07,Incheon,9
803,2020-03-07,Gwangju,13
804,2020-03-07,Daejeon,18
805,2020-03-07,Ulsan,23
807,2020-03-07,Gyeonggi-do,130
808,2020-03-07,Gangwon-do,26
809,2020-03-07,Chungcheongbuk-do,20
810,2020-03-07,Chungcheongnam-do,92
811,2020-03-07,Jeollabuk-do,7
812,2020-03-07,Jeollanam-do,4
813,2020-03-07,Gyeongsangbuk-do,1049
814,2020-03-07,Gyeongsangnam-do,82
815,2020-03-07,Jeju-do,4
816,2020-03-08,Seoul,120
817,2020-03-08,Busan,96
818,2020-03-08,Daegu,5381
819,2020-03-08,Incheon,9
820,2020-03-08,Gwangju,13
821,2020-03-08,Daejeon,18
822,2020-03-08,Ulsan,24
824,2020-03-08,Gyeonggi-do,141
825,2020-03-08,Gangwon-do,27
826,2020-03-08,Chungcheongbuk-do,24
827,2020-03-08,Chungcheongnam-do,98
828,2020-03-08,Jeollabuk-do,7
829,2020-03-08,Jeollanam-do,4
830,2020-03-08,Gyeongsangbuk-do,1082
831,2020-03-08,Gyeongsangnam-do,83
832,2020-03-08,Jeju-do,4
833,2020-03-09,Seoul,130
834,2020-03-09,Busan,96
835,2020-03-09,Daegu,5571
836,2020-03-09,Incheon,9
837,2020-03-09,Gwangju,15
838,2020-03-09,Daejeon,18
839,2020-03-09,Ulsan,24
841,2020-03-09,Gyeonggi-do,153
842,2020-03-09,Gangwon-do,28
843,2020-03-09,Chungcheongbuk-do,25
844,2020-03-09,Chungcheongnam-do,102
845,2020-03-09,Jeollabuk-do,7
846,2020-03-09,Jeollanam-do,4
847,2020-03-09,Gyeongsangbuk-do,1107
848,2020-03-09,Gyeongsangnam-do,83
849,2020-03-09,Jeju-do,4
850,2020-03-10,Seoul,141
851,2020-03-10,Busan,96
852,2020-03-10,Daegu,5663
853,2020-03-10,Incheon,13
854,2020-03-10,Gwangju,15
855,2020-03-10,Daejeon,18
856,2020-03-10,Ulsan,24
858,2020-03-10,Gyeonggi-do,163
859,2020-03-10,Gangwon-do,28
860,2020-03-10,Chungcheongbuk-do,25
861,2020-03-10,Chungcheongnam-do,104
862,2020-03-10,Jeollabuk-do,7
863,2020-03-10,Jeollanam-do,4
864,2020-03-10,Gyeongsangbuk-do,1117
865,2020-03-10,Gyeongsangnam-do,83
866,2020-03-10,Jeju-do,4
867,2020-03-11,Seoul,193
868,2020-03-11,Busan,98
869,2020-03-11,Daegu,5794
870,2020-03-11,Incheon,25
871,2020-03-11,Gwangju,15
872,2020-03-11,Daejeon,18
873,2020-03-11,Ulsan,25
875,2020-03-11,Gyeonggi-do,175
876,2020-03-11,Gangwon-do,29
877,2020-03-11,Chungcheongbuk-do,27
878,2020-03-11,Chungcheongnam-do,112
879,2020-03-11,Jeollabuk-do,7
880,2020-03-11,Jeollanam-do,4
881,2020-03-11,Gyeongsangbuk-do,1135
882,2020-03-11,Gyeongsangnam-do,84
883,2020-03-11,Jeju-do,4
884,2020-03-12,Seoul,212
885,2020-03-12,Busan,99
886,2020-03-12,Daegu,5867
887,2020-03-12,Incheon,25
888,2020-03-12,Gwangju,15
889,2020-03-12,Daejeon,20
890,2020-03-12,Ulsan,25
892,2020-03-12,Gyeonggi-do,178
893,2020-03-12,Gangwon-do,29
894,2020-03-12,Chungcheongbuk-do,27
895,2020-03-12,Chungcheongnam-do,114
896,2020-03-12,Jeollabuk-do,7
897,2020-03-12,Jeollanam-do,4
898,2020-03-12,Gyeongsangbuk-do,1143
899,2020-03-12,Gyeongsangnam-do,85
900,2020-03-12,Jeju-do,4
901,2020-03-13,Seoul,225
902,2020-03-13,Busan,100
903,2020-03-13,Daegu,5928
904,2020-03-13,Incheon,27
905,2020-03-13,Gwangju,15
906,2020-03-13,Daejeon,22
907,2020-03-13,Ulsan,27
909,2020-03-13,Gyeonggi-do,185
910,2020-03-13,Gangwon-do,29
911,2020-03-13,Chungcheongbuk-do,27
912,2020-03-13,Chungcheongnam-do,115
913,2020-03-13,Jeollabuk-do,7
914,2020-03-13,Jeollanam-do,4
915,2020-03-13,Gyeongsangbuk-do,1147
916,2020-03-13,Gyeongsangnam-do,85
917,2020-03-13,Jeju-do,4
918,2020-03-14,Seoul,238
919,2020-03-14,Busan,103
920,2020-03-14,Daegu,5990
921,2020-03-14,Incheon,28
922,2020-03-14,Gwangju,15
923,2020-03-14,Daejeon,22
924,2020-03-14,Ulsan,27
926,2020-03-14,Gyeonggi-do,200
927,2020-03-14,Gangwon-do,29
928,2020-03-14,Chungcheongbuk-do,28
929,2020-03-14,Chungcheongnam-do,115
930,2020-03-14,Jeollabuk-do,7
931,2020-03-14,Jeollanam-do,4
932,2020-03-14,Gyeongsangbuk-do,1153
933,2020-03-14,Gyeongsangnam-do,85
934,2020-03-14,Jeju-do,4
935,2020-03-15,Seoul,247
936,2020-03-15,Busan,106
937,2020-03-15,Daegu,6031
938,2020-03-15,Incheon,30
939,2020-03-15,Gwangju,16
940,2020-03-15,Daejeon,22
941,2020-03-15,Ulsan,28
943,2020-03-15,Gyeonggi-do,211
944,2020-03-15,Gangwon-do,29
945,2020-03-15,Chungcheongbuk-do,31
946,2020-03-15,Chungcheongnam-do,115
947,2020-03-15,Jeollabuk-do,7
948,2020-03-15,Jeollanam-do,4
949,2020-03-15,Gyeongsangbuk-do,1157
950,2020-03-15,Gyeongsangnam-do,85
951,2020-03-15,Jeju-do,4
952,2020-03-16,Seoul,253
953,2020-03-16,Busan,107
954,2020-03-16,Daegu,6066
955,2020-03-16,Incheon,30
956,2020-03-16,Gwangju,16
957,2020-03-16,Daejeon,22
958,2020-03-16,Ulsan,28
960,2020-03-16,Gyeonggi-do,231
961,2020-03-16,Gangwon-do,29
962,2020-03-16,Chungcheongbuk-do,31
963,2020-03-16,Chungcheongnam-do,115
964,2020-03-16,Jeollabuk-do,7
965,2020-03-16,Jeollanam-do,4
966,2020-03-16,Gyeongsangbuk-do,1164
967,2020-03-16,Gyeongsangnam-do,85
968,2020-03-16,Jeju-do,4
969,2020-03-17,Seoul,265
970,2020-03-17,Busan,107
971,2020-03-17,Daegu,6098
972,2020-03-17,Incheon,31
973,2020-03-17,Gwangju,16
974,2020-03-17,Daejeon,22
975,2020-03-17,Ulsan,28
977,2020-03-17,Gyeonggi-do,262
978,2020-03-17,Gangwon-do,29
979,2020-03-17,Chungcheongbuk-do,31
980,2020-03-17,Chungcheongnam-do,115
981,2020-03-17,Jeollabuk-do,7
982,2020-03-17,Jeollanam-do,4
983,2020-03-17,Gyeongsangbuk-do,1169
984,2020-03-17,Gyeongsangnam-do,86
985,2020-03-17,Jeju-do,4
986,2020-03-18,Seoul,270
987,2020-03-18,Busan,107
988,2020-03-18,Daegu,6144
989,2020-03-18,Incheon,32
990,2020-03-18,Gwangju,17
991,2020-03-18,Daejeon,22
992,2020-03-18,Ulsan,30
994,2020-03-18,Gyeonggi-do,277
995,2020-03-18,Gangwon-do,30
996,2020-03-18,Chungcheongbuk-do,32
997,2020-03-18,Chungcheongnam-do,118
998,2020-03-18,Jeollabuk-do,9
999,2020-03-18,Jeollanam-do,5
1000,2020-03-18,Gyeongsangbuk-do,1178
1001,2020-03-18,Gyeongsangnam-do,86
1002,2020-03-18,Jeju-do,4
1003,2020-03-19,Seoul,282
1004,2020-03-19,Busan,107
1005,2020-03-19,Daegu,6241
1006,2020-03-19,Incheon,32
1007,2020-03-19,Gwangju,17
1008,2020-03-19,Daejeon,22
1009,2020-03-19,Ulsan,36
1011,2020-03-19,Gyeonggi-do,295
1012,2020-03-19,Gangwon-do,30
1013,2020-03-19,Chungcheongbuk-do,33
1014,2020-03-19,Chungcheongnam-do,118
1015,2020-03-19,Jeollabuk-do,10
1016,2020-03-19,Jeollanam-do,5
1017,2020-03-19,Gyeongsangbuk-do,1190
1018,2020-03-19,Gyeongsangnam-do,86
1019,2020-03-19,Jeju-do,4
1020,2020-03-20,Seoul,299
1021,2020-03-20,Busan,108
1022,2020-03-20,Daegu,6275
1023,2020-03-20,Incheon,36
1024,2020-03-20,Gwangju,18
1025,2020-03-20,Daejeon,22
1026,2020-03-20,Ulsan,36
1028,2020-03-20,Gyeonggi-do,309
1029,2020-03-20,Gangwon-do,30
1030,2020-03-20,Chungcheongbuk-do,33
1031,2020-03-20,Chungcheongnam-do,119
1032,2020-03-20,Jeollabuk-do,10
1033,2020-03-20,Jeollanam-do,5
1034,2020-03-20,Gyeongsangbuk-do,1203
1035,2020-03-20,Gyeongsangnam-do,87
1036,2020-03-20,Jeju-do,4
1037,2020-03-21,Seoul,314
1038,2020-03-21,Busan,108
1039,2020-03-21,Daegu,6344
1040,2020-03-21,Incheon,40
1041,2020-03-21,Gwangju,18
1042,2020-03-21,Daejeon,22
1043,2020-03-21,Ulsan,36
1045,2020-03-21,Gyeonggi-do,321
1046,2020-03-21,Gangwon-do,30
1047,2020-03-21,Chungcheongbuk-do,34
1048,2020-03-21,Chungcheongnam-do,119
1049,2020-03-21,Jeollabuk-do,10
1050,2020-03-21,Jeollanam-do,5
1051,2020-03-21,Gyeongsangbuk-do,1243
1052,2020-03-21,Gyeongsangnam-do,87
1053,2020-03-21,Jeju-do,4
1054,2020-03-22,Seoul,324
1055,2020-03-22,Busan,108
1056,2020-03-22,Daegu,6387
1057,2020-03-22,Incheon,40
1058,2020-03-22,Gwangju,19
1059,2020-03-22,Daejeon,24
1060,2020-03-22,Ulsan,36
1062,2020-03-22,Gyeonggi-do,337
1063,2020-03-22,Gangwon-do,30
1064,2020-03-22,Chungcheongbuk-do,35
1065,2020-03-22,Chungcheongnam-do,120
1066,2020-03-22,Jeollabuk-do,10
1067,2020-03-22,Jeollanam-do,6
1068,2020-03-22,Gyeongsangbuk-do,1254
1069,2020-03-22,Gyeongsangnam-do,88
1070,2020-03-22,Jeju-do,4
1071,2020-03-23,Seoul,330
1072,2020-03-23,Busan,109
1073,2020-03-23,Daegu,6411
1074,2020-03-23,Incheon,40
1075,2020-03-23,Gwangju,19
1076,2020-03-23,Daejeon,24
1077,2020-03-23,Ulsan,36
1079,2020-03-23,Gyeonggi-do,351
1080,2020-03-23,Gangwon-do,30
1081,2020-03-23,Chungcheongbuk-do,37
1082,2020-03-23,Chungcheongnam-do,120
1083,2020-03-23,Jeollabuk-do,10
1084,2020-03-23,Jeollanam-do,6
1085,2020-03-23,Gyeongsangbuk-do,1256
1086,2020-03-23,Gyeongsangnam-do,89
1087,2020-03-23,Jeju-do,4
1088,2020-03-24,Seoul,334
1089,2020-03-24,Busan,111
1090,2020-03-24,Daegu,6442
1091,2020-03-24,Incheon,41
1092,2020-03-24,Gwangju,19
1093,2020-03-24,Daejeon,24
1094,2020-03-24,Ulsan,36
1096,2020-03-24,Gyeonggi-do,366
1097,2020-03-24,Gangwon-do,30
1098,2020-03-24,Chungcheongbuk-do,38
1099,2020-03-24,Chungcheongnam-do,120
1100,2020-03-24,Jeollabuk-do,10
1101,2020-03-24,Jeollanam-do,6
1102,2020-03-24,Gyeongsangbuk-do,1257
1103,2020-03-24,Gyeongsangnam-do,90
1104,2020-03-24,Jeju-do,4
1105,2020-03-25,Seoul,347
1106,2020-03-25,Busan,112
1107,2020-03-25,Daegu,6456
1108,2020-03-25,Incheon,42
1109,2020-03-25,Gwangju,19
1110,2020-03-25,Daejeon,24
1111,2020-03-25,Ulsan,37
1113,2020-03-25,Gyeonggi-do,387
1114,2020-03-25,Gangwon-do,31
1115,2020-03-25,Chungcheongbuk-do,38
1116,2020-03-25,Chungcheongnam-do,123
1117,2020-03-25,Jeollabuk-do,10
1118,2020-03-25,Jeollanam-do,8
1119,2020-03-25,Gyeongsangbuk-do,1262
1120,2020-03-25,Gyeongsangnam-do,90
1121,2020-03-25,Jeju-do,6
1122,2020-03-26,Seoul,360
1123,2020-03-26,Busan,112
1124,2020-03-26,Daegu,6482
1125,2020-03-26,Incheon,43
1126,2020-03-26,Gwangju,19
1127,2020-03-26,Daejeon,30
1128,2020-03-26,Ulsan,37
1130,2020-03-26,Gyeonggi-do,401
1131,2020-03-26,Gangwon-do,31
1132,2020-03-26,Chungcheongbuk-do,39
1133,2020-03-26,Chungcheongnam-do,124
1134,2020-03-26,Jeollabuk-do,10
1135,2020-03-26,Jeollanam-do,8
1136,2020-03-26,Gyeongsangbuk-do,1274
1137,2020-03-26,Gyeongsangnam-do,90
1138,2020-03-26,Jeju-do,6
1139,2020-03-27,Seoul,372
1140,2020-03-27,Busan,113
1141,2020-03-27,Daegu,6516
1142,2020-03-27,Incheon,46
1143,2020-03-27,Gwangju,20
1144,2020-03-27,Daejeon,31
1145,2020-03-27,Ulsan,39
1147,2020-03-27,Gyeonggi-do,412
1148,2020-03-27,Gangwon-do,31
1149,2020-03-27,Chungcheongbuk-do,41
1150,2020-03-27,Chungcheongnam-do,124
1151,2020-03-27,Jeollabuk-do,10
1152,2020-03-27,Jeollanam-do,8
1153,2020-03-27,Gyeongsangbuk-do,1283
1154,2020-03-27,Gyeongsangnam-do,91
1155,2020-03-27,Jeju-do,7
1156,2020-03-28,Seoul,390
1157,2020-03-28,Busan,114
1158,2020-03-28,Daegu,6587
1159,2020-03-28,Incheon,51
1160,2020-03-28,Gwangju,20
1161,2020-03-28,Daejeon,31
1162,2020-03-28,Ulsan,39
1164,2020-03-28,Gyeonggi-do,433
1165,2020-03-28,Gangwon-do,32
1166,2020-03-28,Chungcheongbuk-do,41
1167,2020-03-28,Chungcheongnam-do,126
1168,2020-03-28,Jeollabuk-do,10
1169,2020-03-28,Jeollanam-do,8
1170,2020-03-28,Gyeongsangbuk-do,1285
1171,2020-03-28,Gyeongsangnam-do,91
1172,2020-03-28,Jeju-do,8
1173,2020-03-29,Seoul,410
1174,2020-03-29,Busan,117
1175,2020-03-29,Daegu,6610
1176,2020-03-29,Incheon,58
1177,2020-03-29,Gwangju,20
1178,2020-03-29,Daejeon,34
1179,2020-03-29,Ulsan,39
1181,2020-03-29,Gyeonggi-do,448
1182,2020-03-29,Gangwon-do,34
1183,2020-03-29,Chungcheongbuk-do,41
1184,2020-03-29,Chungcheongnam-do,127
1185,2020-03-29,Jeollabuk-do,12
1186,2020-03-29,Jeollanam-do,9
1187,2020-03-29,Gyeongsangbuk-do,1287
1188,2020-03-29,Gyeongsangnam-do,94
1189,2020-03-29,Jeju-do,8
1190,2020-03-30,Seoul,426
1191,2020-03-30,Busan,118
1192,2020-03-30,Daegu,6624
1193,2020-03-30,Incheon,58
1194,2020-03-30,Gwangju,20
1195,2020-03-30,Daejeon,34
1196,2020-03-30,Ulsan,39
1198,2020-03-30,Gyeonggi-do,463
1199,2020-03-30,Gangwon-do,36
1200,2020-03-30,Chungcheongbuk-do,44
1201,2020-03-30,Chungcheongnam-do,127
1202,2020-03-30,Jeollabuk-do,13
1203,2020-03-30,Jeollanam-do,9
1204,2020-03-30,Gyeongsangbuk-do,1298
1205,2020-03-30,Gyeongsangnam-do,95
1206,2020-03-30,Jeju-do,9
1207,2020-03-31,Seoul,450
1208,2020-03-31,Busan,119
1209,2020-03-31,Daegu,6684
1210,2020-03-31,Incheon,64
1211,2020-03-31,Gwangju,20
1212,2020-03-31,Daejeon,36
1213,2020-03-31,Ulsan,39
1215,2020-03-31,Gyeonggi-do,476
1216,2020-03-31,Gangwon-do,36
1217,2020-03-31,Chungcheongbuk-do,44
1218,2020-03-31,Chungcheongnam-do,128
1219,2020-03-31,Jeollabuk-do,13
1220,2020-03-31,Jeollanam-do,9
1221,2020-03-31,Gyeongsangbuk-do,1300
1222,2020-03-31,Gyeongsangnam-do,96
1223,2020-03-31,Jeju-do,9
1224,2020-04-01,Seoul,474
1225,2020-04-01,Busan,122
1226,2020-04-01,Daegu,6704
1227,2020-04-01,Incheon,69
1228,2020-04-01,Gwangju,24
1229,2020-04-01,Daejeon,36
1230,2020-04-01,Ulsan,39
1232,2020-04-01,Gyeonggi-do,499
1233,2020-04-01,Gangwon-do,38
1234,2020-04-01,Chungcheongbuk-do,44
1235,2020-04-01,Chungcheongnam-do,131
1236,2020-04-01,Jeollabuk-do,14
1237,2020-04-01,Jeollanam-do,12
1238,2020-04-01,Gyeongsangbuk-do,1302
1239,2020-04-01,Gyeongsangnam-do,100
1240,2020-04-01,Jeju-do,9
1241,2020-04-02,Seoul,488
1242,2020-04-02,Busan,122
1243,2020-04-02,Daegu,6725
1244,2020-04-02,Incheon,73
1245,2020-04-02,Gwangju,25
1246,2020-04-02,Daejeon,36
1247,2020-04-02,Ulsan,40
1249,2020-04-02,Gyeonggi-do,516
1250,2020-04-02,Gangwon-do,39
1251,2020-04-02,Chungcheongbuk-do,44
1252,2020-04-02,Chungcheongnam-do,133
1253,2020-04-02,Jeollabuk-do,14
1254,2020-04-02,Jeollanam-do,14
1255,2020-04-02,Gyeongsangbuk-do,1304
1256,2020-04-02,Gyeongsangnam-do,106
1257,2020-04-02,Jeju-do,9
1258,2020-04-03,Seoul,506
1259,2020-04-03,Busan,122
1260,2020-04-03,Daegu,6734
1261,2020-04-03,Incheon,74
1262,2020-04-03,Gwangju,26
1263,2020-04-03,Daejeon,36
1264,2020-04-03,Ulsan,40
1266,2020-04-03,Gyeonggi-do,539
1267,2020-04-03,Gangwon-do,41
1268,2020-04-03,Chungcheongbuk-do,45
1269,2020-04-03,Chungcheongnam-do,134
1270,2020-04-03,Jeollabuk-do,15
1271,2020-04-03,Jeollanam-do,15
1272,2020-04-03,Gyeongsangbuk-do,1309
1273,2020-04-03,Gyeongsangnam-do,107
1274,2020-04-03,Jeju-do,9
1275,2020-04-04,Seoul,528
1276,2020-04-04,Busan,122
1277,2020-04-04,Daegu,6761
1278,2020-04-04,Incheon,77
1279,2020-04-04,Gwangju,26
1280,2020-04-04,Daejeon,36
1281,2020-04-04,Ulsan,40
1283,2020-04-04,Gyeonggi-do,562
1284,2020-04-04,Gangwon-do,42
1285,2020-04-04,Chungcheongbuk-do,45
1286,2020-04-04,Chungcheongnam-do,135
1287,2020-04-04,Jeollabuk-do,15
1288,2020-04-04,Jeollanam-do,15
1289,2020-04-04,Gyeongsangbuk-do,1310
1290,2020-04-04,Gyeongsangnam-do,108
1291,2020-04-04,Jeju-do,9
1292,2020-04-05,Seoul,552
1293,2020-04-05,Busan,122
1294,2020-04-05,Daegu,6768
1295,2020-04-05,Incheon,79
1296,2020-04-05,Gwangju,27
1297,2020-04-05,Daejeon,37
1298,2020-04-05,Ulsan,40
1300,2020-04-05,Gyeonggi-do,572
1301,2020-04-05,Gangwon-do,45
1302,2020-04-05,Chungcheongbuk-do,45
1303,2020-04-05,Chungcheongnam-do,135
1304,2020-04-05,Jeollabuk-do,16
1305,2020-04-05,Jeollanam-do,15
1306,2020-04-05,Gyeongsangbuk-do,1314
1307,2020-04-05,Gyeongsangnam-do,109
1308,2020-04-05,Jeju-do,12
1309,2020-04-06,Seoul,563
1310,2020-04-06,Busan,122
1311,2020-04-06,Daegu,6781
1312,2020-04-06,Incheon,80
1313,2020-04-06,Gwangju,27
1314,2020-04-06,Daejeon,39
1315,2020-04-06,Ulsan,40
1317,2020-04-06,Gyeonggi-do,580
1318,2020-04-06,Gangwon-do,45
1319,2020-04-06,Chungcheongbuk-do,45
1320,2020-04-06,Chungcheongnam-do,136
1321,2020-04-06,Jeollabuk-do,16
1322,2020-04-06,Jeollanam-do,15
1323,2020-04-06,Gyeongsangbuk-do,1316
1324,2020-04-06,Gyeongsangnam-do,111
1325,2020-04-06,Jeju-do,12
1326,2020-04-07,Seoul,567
1327,2020-04-07,Busan,123
1328,2020-04-07,Daegu,6794
1329,2020-04-07,Incheon,80
1330,2020-04-07,Gwangju,27
1331,2020-04-07,Daejeon,39
1332,2020-04-07,Ulsan,40
1334,2020-04-07,Gyeonggi-do,590
1335,2020-04-07,Gangwon-do,47
1336,2020-04-07,Chungcheongbuk-do,45
1337,2020-04-07,Chungcheongnam-do,137
1338,2020-04-07,Jeollabuk-do,16
1339,2020-04-07,Jeollanam-do,15
1340,2020-04-07,Gyeongsangbuk-do,1317
1341,2020-04-07,Gyeongsangnam-do,112
1342,2020-04-07,Jeju-do,12
1343,2020-04-08,Seoul,578
1344,2020-04-08,Busan,125
1345,2020-04-08,Daegu,6803
1346,2020-04-08,Incheon,84
1347,2020-04-08,Gwangju,27
1348,2020-04-08,Daejeon,39
1349,2020-04-08,Ulsan,40
1351,2020-04-08,Gyeonggi-do,596
1352,2020-04-08,Gangwon-do,49
1353,2020-04-08,Chungcheongbuk-do,45
1354,2020-04-08,Chungcheongnam-do,137
1355,2020-04-08,Jeollabuk-do,17
1356,2020-04-08,Jeollanam-do,15
1357,2020-04-08,Gyeongsangbuk-do,1320
1358,2020-04-08,Gyeongsangnam-do,113
1359,2020-04-08,Jeju-do,12
1360,2020-04-09,Seoul,590
1361,2020-04-09,Busan,125
1362,2020-04-09,Daegu,6807
1363,2020-04-09,Incheon,84
1364,2020-04-09,Gwangju,27
1365,2020-04-09,Daejeon,39
1366,2020-04-09,Ulsan,40
1368,2020-04-09,Gyeonggi-do,606
1369,2020-04-09,Gangwon-do,49
1370,2020-04-09,Chungcheongbuk-do,45
1371,2020-04-09,Chungcheongnam-do,138
1372,2020-04-09,Jeollabuk-do,17
1373,2020-04-09,Jeollanam-do,15
1374,2020-04-09,Gyeongsangbuk-do,1320
1375,2020-04-09,Gyeongsangnam-do,115
1376,2020-04-09,Jeju-do,12
1377,2020-04-10,Seoul,595
1378,2020-04-10,Busan,126
1379,2020-04-10,Daegu,6807
1380,2020-04-10,Incheon,85
1381,2020-04-10,Gwangju,27
1382,2020-04-10,Daejeon,39
1383,2020-04-10,Ulsan,40
1385,2020-04-10,Gyeonggi-do,615
1386,2020-04-10,Gangwon-do,49
1387,2020-04-10,Chungcheongbuk-do,45
1388,2020-04-10,Chungcheongnam-do,138
1389,2020-04-10,Jeollabuk-do,17
1390,2020-04-10,Jeollanam-do,15
1391,2020-04-10,Gyeongsangbuk-do,1327
1392,2020-04-10,Gyeongsangnam-do,115
1393,2020-04-10,Jeju-do,12
1394,2020-04-11,Seoul,599
1395,2020-04-11,Busan,126
1396,2020-04-11,Daegu,6814
1397,2020-04-11,Incheon,85
1398,2020-04-11,Gwangju,27
1399,2020-04-11,Daejeon,39
1400,2020-04-11,Ulsan,41
1402,2020-04-11,Gyeonggi-do,624
1403,2020-04-11,Gangwon-do,49
1404,2020-04-11,Chungcheongbuk-do,45
1405,2020-04-11,Chungcheongnam-do,138
1406,2020-04-11,Jeollabuk-do,17
1407,2020-04-11,Jeollanam-do,15
1408,2020-04-11,Gyeongsangbuk-do,1330
1409,2020-04-11,Gyeongsangnam-do,115
1410,2020-04-11,Jeju-do,12
1411,2020-04-12,Seoul,602
1412,2020-04-12,Busan,126
1413,2020-04-12,Daegu,6816
1414,2020-04-12,Incheon,86
1415,2020-04-12,Gwangju,27
1416,2020-04-12,Daejeon,39
1417,2020-04-12,Ulsan,41
1419,2020-04-12,Gyeonggi-do,628
1420,2020-04-12,Gangwon-do,49
1421,2020-04-12,Chungcheongbuk-do,45
1422,2020-04-12,Chungcheongnam-do,139
1423,2020-04-12,Jeollabuk-do,17
1424,2020-04-12,Jeollanam-do,15
1425,2020-04-12,Gyeongsangbuk-do,1333
1426,2020-04-12,Gyeongsangnam-do,115
1427,2020-04-12,Jeju-do,12
1428,2020-04-13,Seoul,610
1429,2020-04-13,Busan,126
1430,2020-04-13,Daegu,6819
1431,2020-04-13,Incheon,87
1432,2020-04-13,Gwangju,27
1433,2020-04-13,Daejeon,39
1434,2020-04-13,Ulsan,41
1436,2020-04-13,Gyeonggi-do,631
1437,2020-04-13,Gangwon-do,49
1438,2020-04-13,Chungcheongbuk-do,45
1439,2020-04-13,Chungcheongnam-do,139
1440,2020-04-13,Jeollabuk-do,17
1441,2020-04-13,Jeollanam-do,15
1442,2020-04-13,Gyeongsangbuk-do,1337
1443,2020-04-13,Gyeongsangnam-do,115
1444,2020-04-13,Jeju-do,12
1445,2020-04-14,Seoul,612
1446,2020-04-14,Busan,126
1447,2020-04-14,Daegu,6822
1448,2020-04-14,Incheon,88
1449,2020-04-14,Gwangju,27
1450,2020-04-14,Daejeon,39
1451,2020-04-14,Ulsan,42
1453,2020-04-14,Gyeonggi-do,639
1454,2020-04-14,Gangwon-do,49
1455,2020-04-14,Chungcheongbuk-do,45
1456,2020-04-14,Chungcheongnam-do,139
1457,2020-04-14,Jeollabuk-do,17
1458,2020-04-14,Jeollanam-do,15
1459,2020-04-14,Gyeongsangbuk-do,1342
1460,2020-04-14,Gyeongsangnam-do,115
1461,2020-04-14,Jeju-do,12
1462,2020-04-15,Seoul,617
1463,2020-04-15,Busan,127
1464,2020-04-15,Daegu,6823
1465,2020-04-15,Incheon,88
1466,2020-04-15,Gwangju,28
1467,2020-04-15,Daejeon,39
1468,2020-04-15,Ulsan,42
1470,2020-04-15,Gyeonggi-do,645
1471,2020-04-15,Gangwon-do,51
1472,2020-04-15,Chungcheongbuk-do,45
1473,2020-04-15,Chungcheongnam-do,139
1474,2020-04-15,Jeollabuk-do,17
1475,2020-04-15,Jeollanam-do,15
1476,2020-04-15,Gyeongsangbuk-do,1348
1477,2020-04-15,Gyeongsangnam-do,115
1478,2020-04-15,Jeju-do,13
1479,2020-04-16,Seoul,619
1480,2020-04-16,Busan,130
1481,2020-04-16,Daegu,6827
1482,2020-04-16,Incheon,88
1483,2020-04-16,Gwangju,28
1484,2020-04-16,Daejeon,39
1485,2020-04-16,Ulsan,42
1487,2020-04-16,Gyeonggi-do,649
1488,2020-04-16,Gangwon-do,52
1489,2020-04-16,Chungcheongbuk-do,45
1490,2020-04-16,Chungcheongnam-do,139
1491,2020-04-16,Jeollabuk-do,17
1492,2020-04-16,Jeollanam-do,15
1493,2020-04-16,Gyeongsangbuk-do,1352
1494,2020-04-16,Gyeongsangnam-do,115
1495,2020-04-16,Jeju-do,13
1496,2020-04-17,Seoul,621
1497,2020-04-17,Busan,130
1498,2020-04-17,Daegu,6827
1499,2020-04-17,Incheon,89
1500,2020-04-17,Gwangju,30
1501,2020-04-17,Daejeon,40
1502,2020-04-17,Ulsan,42
1504,2020-04-17,Gyeonggi-do,650
1505,2020-04-17,Gangwon-do,52
1506,2020-04-17,Chungcheongbuk-do,45
1507,2020-04-17,Chungcheongnam-do,139
1508,2020-04-17,Jeollabuk-do,17
1509,2020-04-17,Jeollanam-do,15
1510,2020-04-17,Gyeongsangbuk-do,1356
1511,2020-04-17,Gyeongsangnam-do,115
1512,2020-04-17,Jeju-do,13
1513,2020-04-18,Seoul,622
1514,2020-04-18,Busan,130
1515,2020-04-18,Daegu,6830
1516,2020-04-18,Incheon,90
1517,2020-04-18,Gwangju,30
1518,2020-04-18,Daejeon,39
1519,2020-04-18,Ulsan,42
1521,2020-04-18,Gyeonggi-do,654
1522,2020-04-18,Gangwon-do,53
1523,2020-04-18,Chungcheongbuk-do,45
1524,2020-04-18,Chungcheongnam-do,141
1525,2020-04-18,Jeollabuk-do,17
1526,2020-04-18,Jeollanam-do,15
1527,2020-04-18,Gyeongsangbuk-do,1358
1528,2020-04-18,Gyeongsangnam-do,116
1529,2020-04-18,Jeju-do,13
1530,2020-04-19,Seoul,624
1531,2020-04-19,Busan,130
1532,2020-04-19,Daegu,6832
1533,2020-04-19,Incheon,91
1534,2020-04-19,Gwangju,30
1535,2020-04-19,Daejeon,39
1536,2020-04-19,Ulsan,42
1538,2020-04-19,Gyeonggi-do,654
1539,2020-04-19,Gangwon-do,53
1540,2020-04-19,Chungcheongbuk-do,45
1541,2020-04-19,Chungcheongnam-do,141
1542,2020-04-19,Jeollabuk-do,17
1543,2020-04-19,Jeollanam-do,15
1544,2020-04-19,Gyeongsangbuk-do,1359
1545,2020-04-19,Gyeongsangnam-do,116
1546,2020-04-19,Jeju-do,13
1547,2020-04-20,Seoul,624
1548,2020-04-20,Busan,132
1549,2020-04-20,Daegu,6833
1550,2020-04-20,Incheon,92
1551,2020-04-20,Gwangju,30
1552,2020-04-20,Daejeon,39
1553,2020-04-20,Ulsan,43
1555,2020-04-20,Gyeonggi-do,656
1556,2020-04-20,Gangwon-do,53
1557,2020-04-20,Chungcheongbuk-do,45
1558,2020-04-20,Chungcheongnam-do,141
1559,2020-04-20,Jeollabuk-do,17
1560,2020-04-20,Jeollanam-do,15
1561,2020-04-20,Gyeongsangbuk-do,1361
1562,2020-04-20,Gyeongsangnam-do,116
1563,2020-04-20,Jeju-do,13
1564,2020-04-21,Seoul,626
1565,2020-04-21,Busan,132
1566,2020-04-21,Daegu,6835
1567,2020-04-21,Incheon,92
1568,2020-04-21,Gwangju,30
1569,2020-04-21,Daejeon,39
1570,2020-04-21,Ulsan,43
1572,2020-04-21,Gyeonggi-do,658
1573,2020-04-21,Gangwon-do,53
1574,2020-04-21,Chungcheongbuk-do,45
1575,2020-04-21,Chungcheongnam-do,141
1576,2020-04-21,Jeollabuk-do,17
1577,2020-04-21,Jeollanam-do,15
1578,2020-04-21,Gyeongsangbuk-do,1361
1579,2020-04-21,Gyeongsangnam-do,116
1580,2020-04-21,Jeju-do,13
1581,2020-04-22,Seoul,628
1582,2020-04-22,Busan,134
1583,2020-04-22,Daegu,6836
1584,2020-04-22,Incheon,92
1585,2020-04-22,Gwangju,30
1586,2020-04-22,Daejeon,40
1587,2020-04-22,Ulsan,43
1589,2020-04-22,Gyeonggi-do,658
1590,2020-04-22,Gangwon-do,53
1591,2020-04-22,Chungcheongbuk-do,45
1592,2020-04-22,Chungcheongnam-do,141
1593,2020-04-22,Jeollabuk-do,17
1594,2020-04-22,Jeollanam-do,15
1595,2020-04-22,Gyeongsangbuk-do,1363
1596,2020-04-22,Gyeongsangnam-do,117
1597,2020-04-22,Jeju-do,13
1598,2020-04-23,Seoul,628
1599,2020-04-23,Busan,135
1600,2020-04-23,Daegu,6840
1601,2020-04-23,Incheon,92
1602,2020-04-23,Gwangju,30
1603,2020-04-23,Daejeon,40
1604,2020-04-23,Ulsan,43
1606,2020-04-23,Gyeonggi-do,659
1607,2020-04-23,Gangwon-do,53
1608,2020-04-23,Chungcheongbuk-do,45
1609,2020-04-23,Chungcheongnam-do,141
1610,2020-04-23,Jeollabuk-do,17
1611,2020-04-23,Jeollanam-do,15
1612,2020-04-23,Gyeongsangbuk-do,1363
1613,2020-04-23,Gyeongsangnam-do,117
1614,2020-04-23,Jeju-do,13
1615,2020-04-24,Seoul,628
1616,2020-04-24,Busan,136
1617,2020-04-24,Daegu,6842
1618,2020-04-24,Incheon,92
1619,2020-04-24,Gwangju,30
1620,2020-04-24,Daejeon,40
1621,2020-04-24,Ulsan,43
1623,2020-04-24,Gyeonggi-do,660
1624,2020-04-24,Gangwon-do,53
1625,2020-04-24,Chungcheongbuk-do,45
1626,2020-04-24,Chungcheongnam-do,141
1627,2020-04-24,Jeollabuk-do,17
1628,2020-04-24,Jeollanam-do,15
1629,2020-04-24,Gyeongsangbuk-do,1364
1630,2020-04-24,Gyeongsangnam-do,117
1631,2020-04-24,Jeju-do,13
1632,2020-04-25,Seoul,629
1633,2020-04-25,Busan,136
1634,2020-04-25,Daegu,6845
1635,2020-04-25,Incheon,92
1636,2020-04-25,Gwangju,30
1637,2020-04-25,Daejeon,40
1638,2020-04-25,Ulsan,43
1640,2020-04-25,Gyeonggi-do,662
1641,2020-04-25,Gangwon-do,53
1642,2020-04-25,Chungcheongbuk-do,45
1643,2020-04-25,Chungcheongnam-do,141
1644,2020-04-25,Jeollabuk-do,17
1645,2020-04-25,Jeollanam-do,15
1646,2020-04-25,Gyeongsangbuk-do,1364
1647,2020-04-25,Gyeongsangnam-do,117
1648,2020-04-25,Jeju-do,13
1649,2020-04-26,Seoul,629
1650,2020-04-26,Busan,137
1651,2020-04-26,Daegu,6846
1652,2020-04-26,Incheon,92
1653,2020-04-26,Gwangju,30
1654,2020-04-26,Daejeon,40
1655,2020-04-26,Ulsan,43
1657,2020-04-26,Gyeonggi-do,668
1658,2020-04-26,Gangwon-do,53
1659,2020-04-26,Chungcheongbuk-do,45
1660,2020-04-26,Chungcheongnam-do,141
1661,2020-04-26,Jeollabuk-do,18
1662,2020-04-26,Jeollanam-do,15
1663,2020-04-26,Gyeongsangbuk-do,1364
1664,2020-04-26,Gyeongsangnam-do,117
1665,2020-04-26,Jeju-do,13
1666,2020-04-27,Seoul,629
1667,2020-04-27,Busan,137
1668,2020-04-27,Daegu,6847
1669,2020-04-27,Incheon,92
1670,2020-04-27,Gwangju,30
1671,2020-04-27,Daejeon,40
1672,2020-04-27,Ulsan,43
1674,2020-04-27,Gyeonggi-do,671
1675,2020-04-27,Gangwon-do,53
1676,2020-04-27,Chungcheongbuk-do,45
1677,2020-04-27,Chungcheongnam-do,142
1678,2020-04-27,Jeollabuk-do,18
1679,2020-04-27,Jeollanam-do,15
1680,2020-04-27,Gyeongsangbuk-do,1364
1681,2020-04-27,Gyeongsangnam-do,117
1682,2020-04-27,Jeju-do,13
1683,2020-04-28,Seoul,633
1684,2020-04-28,Busan,137
1685,2020-04-28,Daegu,6849
1686,2020-04-28,Incheon,93
1687,2020-04-28,Gwangju,30
1688,2020-04-28,Daejeon,40
1689,2020-04-28,Ulsan,43
1691,2020-04-28,Gyeonggi-do,674
1692,2020-04-28,Gangwon-do,53
1693,2020-04-28,Chungcheongbuk-do,45
1694,2020-04-28,Chungcheongnam-do,142
1695,2020-04-28,Jeollabuk-do,18
1696,2020-04-28,Jeollanam-do,15
1697,2020-04-28,Gyeongsangbuk-do,1365
1698,2020-04-28,Gyeongsangnam-do,117
1699,2020-04-28,Jeju-do,13
1700,2020-04-29,Seoul,633
1701,2020-04-29,Busan,137
1702,2020-04-29,Daegu,6852
1703,2020-04-29,Incheon,93
1704,2020-04-29,Gwangju,30
1705,2020-04-29,Daejeon,40
1706,2020-04-29,Ulsan,43
1708,2020-04-29,Gyeonggi-do,676
1709,2020-04-29,Gangwon-do,53
1710,2020-04-29,Chungcheongbuk-do,45
1711,2020-04-29,Chungcheongnam-do,143
1712,2020-04-29,Jeollabuk-do,18
1713,2020-04-29,Jeollanam-do,15
1714,2020-04-29,Gyeongsangbuk-do,1365
1715,2020-04-29,Gyeongsangnam-do,117
1716,2020-04-29,Jeju-do,13
1717,2020-04-30,Seoul,633
1718,2020-04-30,Busan,137
1719,2020-04-30,Daegu,6852
1720,2020-04-30,Incheon,93
1721,2020-04-30,Gwangju,30
1722,2020-04-30,Daejeon,40
1723,2020-04-30,Ulsan,43
1725,2020-04-30,Gyeonggi-do,676
1726,2020-04-30,Gangwon-do,53
1727,2020-04-30,Chungcheongbuk-do,45
1728,2020-04-30,Chungcheongnam-do,143
1729,2020-04-30,Jeollabuk-do,18
1730,2020-04-30,Jeollanam-do,15
1731,2020-04-30,Gyeongsangbuk-do,1365
1732,2020-04-30,Gyeongsangnam-do,117
1733,2020-04-30,Jeju-do,13
1734,2020-05-01,Seoul,634
1735,2020-05-01,Busan,137
1736,2020-05-01,Daegu,6852
1737,2020-05-01,Incheon,94
1738,2020-05-01,Gwangju,30
1739,2020-05-01,Daejeon,40
1740,2020-05-01,Ulsan,43
1742,2020-05-01,Gyeonggi-do,678
1743,2020-05-01,Gangwon-do,53
1744,2020-05-01,Chungcheongbuk-do,45
1745,2020-05-01,Chungcheongnam-do,143
1746,2020-05-01,Jeollabuk-do,18
1747,2020-05-01,Jeollanam-do,15
1748,2020-05-01,Gyeongsangbuk-do,1366
1749,2020-05-01,Gyeongsangnam-do,117
1750,2020-05-01,Jeju-do,13
1751,2020-05-02,Seoul,635
1752,2020-05-02,Busan,138
1753,2020-05-02,Daegu,6852
1754,2020-05-02,Incheon,95
1755,2020-05-02,Gwangju,30
1756,2020-05-02,Daejeon,40
1757,2020-05-02,Ulsan,43
1759,2020-05-02,Gyeonggi-do,678
1760,2020-05-02,Gangwon-do,53
1761,2020-05-02,Chungcheongbuk-do,45
1762,2020-05-02,Chungcheongnam-do,143
1763,2020-05-02,Jeollabuk-do,18
1764,2020-05-02,Jeollanam-do,15
1765,2020-05-02,Gyeongsangbuk-do,1366
1766,2020-05-02,Gyeongsangnam-do,117
1767,2020-05-02,Jeju-do,13
1768,2020-05-03,Seoul,637
1769,2020-05-03,Busan,138
1770,2020-05-03,Daegu,6856
1771,2020-05-03,Incheon,95
1772,2020-05-03,Gwangju,30
1773,2020-05-03,Daejeon,40
1774,2020-05-03,Ulsan,43
1776,2020-05-03,Gyeonggi-do,680
1777,2020-05-03,Gangwon-do,53
1778,2020-05-03,Chungcheongbuk-do,45
1779,2020-05-03,Chungcheongnam-do,143
1780,2020-05-03,Jeollabuk-do,18
1781,2020-05-03,Jeollanam-do,15
1782,2020-05-03,Gyeongsangbuk-do,1366
1783,2020-05-03,Gyeongsangnam-do,117
1784,2020-05-03,Jeju-do,13
1785,2020-05-04,Seoul,637
1786,2020-05-04,Busan,138
1787,2020-05-04,Daegu,6856
1788,2020-05-04,Incheon,96
1789,2020-05-04,Gwangju,30
1790,2020-05-04,Daejeon,40
1791,2020-05-04,Ulsan,44
1793,2020-05-04,Gyeonggi-do,681
1794,2020-05-04,Gangwon-do,53
1795,2020-05-04,Chungcheongbuk-do,45
1796,2020-05-04,Chungcheongnam-do,143
1797,2020-05-04,Jeollabuk-do,18
1798,2020-05-04,Jeollanam-do,16
1799,2020-05-04,Gyeongsangbuk-do,1366
1800,2020-05-04,Gyeongsangnam-do,117
1801,2020-05-04,Jeju-do,13
1802,2020-05-05,Seoul,637
1803,2020-05-05,Busan,138
1804,2020-05-05,Daegu,6856
1805,2020-05-05,Incheon,97
1806,2020-05-05,Gwangju,30
1807,2020-05-05,Daejeon,40
1808,2020-05-05,Ulsan,44
1810,2020-05-05,Gyeonggi-do,681
1811,2020-05-05,Gangwon-do,53
1812,2020-05-05,Chungcheongbuk-do,45
1813,2020-05-05,Chungcheongnam-do,143
1814,2020-05-05,Jeollabuk-do,18
1815,2020-05-05,Jeollanam-do,16
1816,2020-05-05,Gyeongsangbuk-do,1366
1817,2020-05-05,Gyeongsangnam-do,117
1818,2020-05-05,Jeju-do,13
1819,2020-05-06,Seoul,637
1820,2020-05-06,Busan,138
1821,2020-05-06,Daegu,6856
1822,2020-05-06,Incheon,97
1823,2020-05-06,Gwangju,30
1824,2020-05-06,Daejeon,40
1825,2020-05-06,Ulsan,44
1827,2020-05-06,Gyeonggi-do,681
1828,2020-05-06,Gangwon-do,53
1829,2020-05-06,Chungcheongbuk-do,45
1830,2020-05-06,Chungcheongnam-do,143
1831,2020-05-06,Jeollabuk-do,18
1832,2020-05-06,Jeollanam-do,16
1833,2020-05-06,Gyeongsangbuk-do,1366
1834,2020-05-06,Gyeongsangnam-do,117
1835,2020-05-06,Jeju-do,13
1836,2020-05-07,Seoul,637
1837,2020-05-07,Busan,138
1838,2020-05-07,Daegu,6856
1839,2020-05-07,Incheon,97
1840,2020-05-07,Gwangju,30
1841,2020-05-07,Daejeon,41
1842,2020-05-07,Ulsan,44
1844,2020-05-07,Gyeonggi-do,682
1845,2020-05-07,Gangwon-do,53
1846,2020-05-07,Chungcheongbuk-do,46
1847,2020-05-07,Chungcheongnam-do,143
1848,2020-05-07,Jeollabuk-do,18
1849,2020-05-07,Jeollanam-do,16
1850,2020-05-07,Gyeongsangbuk-do,1366
1851,2020-05-07,Gyeongsangnam-do,117
1852,2020-05-07,Jeju-do,13
1853,2020-05-08,Seoul,637
1854,2020-05-08,Busan,140
1855,2020-05-08,Daegu,6859
1856,2020-05-08,Incheon,97
1857,2020-05-08,Gwangju,30
1858,2020-05-08,Daejeon,41
1859,2020-05-08,Ulsan,44
1861,2020-05-08,Gyeonggi-do,684
1862,2020-05-08,Gangwon-do,53
1863,2020-05-08,Chungcheongbuk-do,47
1864,2020-05-08,Chungcheongnam-do,143
1865,2020-05-08,Jeollabuk-do,19
1866,2020-05-08,Jeollanam-do,16
1867,2020-05-08,Gyeongsangbuk-do,1366
1868,2020-05-08,Gyeongsangnam-do,117
1869,2020-05-08,Jeju-do,13
1870,2020-05-09,Seoul,649
1871,2020-05-09,Busan,141
1872,2020-05-09,Daegu,6859
1873,2020-05-09,Incheon,98
1874,2020-05-09,Gwangju,30
1875,2020-05-09,Daejeon,41
1876,2020-05-09,Ulsan,44
1878,2020-05-09,Gyeonggi-do,688
1879,2020-05-09,Gangwon-do,53
1880,2020-05-09,Chungcheongbuk-do,47
1881,2020-05-09,Chungcheongnam-do,143
1882,2020-05-09,Jeollabuk-do,19
1883,2020-05-09,Jeollanam-do,16
1884,2020-05-09,Gyeongsangbuk-do,1366
1885,2020-05-09,Gyeongsangnam-do,117
1886,2020-05-09,Jeju-do,13
1887,2020-05-10,Seoul,663
1888,2020-05-10,Busan,141
1889,2020-05-10,Daegu,6861
1890,2020-05-10,Incheon,101
1891,2020-05-10,Gwangju,30
1892,2020-05-10,Daejeon,41
1893,2020-05-10,Ulsan,44
1895,2020-05-10,Gyeonggi-do,694
1896,2020-05-10,Gangwon-do,53
1897,2020-05-10,Chungcheongbuk-do,49
1898,2020-05-10,Chungcheongnam-do,143
1899,2020-05-10,Jeollabuk-do,19
1900,2020-05-10,Jeollanam-do,16
1901,2020-05-10,Gyeongsangbuk-do,1366
1902,2020-05-10,Gyeongsangnam-do,117
1903,2020-05-10,Jeju-do,14
1904,2020-05-11,Seoul,683
1905,2020-05-11,Busan,141
1906,2020-05-11,Daegu,6861
1907,2020-05-11,Incheon,104
1908,2020-05-11,Gwangju,30
1909,2020-05-11,Daejeon,41
1910,2020-05-11,Ulsan,44
1912,2020-05-11,Gyeonggi-do,698
1913,2020-05-11,Gangwon-do,54
1914,2020-05-11,Chungcheongbuk-do,52
1915,2020-05-11,Chungcheongnam-do,143
1916,2020-05-11,Jeollabuk-do,19
1917,2020-05-11,Jeollanam-do,16
1918,2020-05-11,Gyeongsangbuk-do,1366
1919,2020-05-11,Gyeongsangnam-do,117
1920,2020-05-11,Jeju-do,14
1921,2020-05-12,Seoul,695
1922,2020-05-12,Busan,141
1923,2020-05-12,Daegu,6862
1924,2020-05-12,Incheon,105
1925,2020-05-12,Gwangju,30
1926,2020-05-12,Daejeon,43
1927,2020-05-12,Ulsan,44
1929,2020-05-12,Gyeonggi-do,706
1930,2020-05-12,Gangwon-do,54
1931,2020-05-12,Chungcheongbuk-do,52
1932,2020-05-12,Chungcheongnam-do,143
1933,2020-05-12,Jeollabuk-do,19
1934,2020-05-12,Jeollanam-do,16
1935,2020-05-12,Gyeongsangbuk-do,1367
1936,2020-05-12,Gyeongsangnam-do,118
1937,2020-05-12,Jeju-do,14
1938,2020-05-13,Seoul,707
1939,2020-05-13,Busan,144
1940,2020-05-13,Daegu,6865
1941,2020-05-13,Incheon,107
1942,2020-05-13,Gwangju,30
1943,2020-05-13,Daejeon,43
1944,2020-05-13,Ulsan,45
1946,2020-05-13,Gyeonggi-do,708
1947,2020-05-13,Gangwon-do,54
1948,2020-05-13,Chungcheongbuk-do,52
1949,2020-05-13,Chungcheongnam-do,143
1950,2020-05-13,Jeollabuk-do,20
1951,2020-05-13,Jeollanam-do,16
1952,2020-05-13,Gyeongsangbuk-do,1367
1953,2020-05-13,Gyeongsangnam-do,119
1954,2020-05-13,Jeju-do,14
1955,2020-05-14,Seoul,711
1956,2020-05-14,Busan,144
1957,2020-05-14,Daegu,6865
1958,2020-05-14,Incheon,119
1959,2020-05-14,Gwangju,30
1960,2020-05-14,Daejeon,43
1961,2020-05-14,Ulsan,45
1963,2020-05-14,Gyeonggi-do,714
1964,2020-05-14,Gangwon-do,55
1965,2020-05-14,Chungcheongbuk-do,55
1966,2020-05-14,Chungcheongnam-do,144
1967,2020-05-14,Jeollabuk-do,20
1968,2020-05-14,Jeollanam-do,17
1969,2020-05-14,Gyeongsangbuk-do,1368
1970,2020-05-14,Gyeongsangnam-do,119
1971,2020-05-14,Jeju-do,14
1972,2020-05-15,Seoul,725
1973,2020-05-15,Busan,144
1974,2020-05-15,Daegu,6868
1975,2020-05-15,Incheon,124
1976,2020-05-15,Gwangju,30
1977,2020-05-15,Daejeon,43
1978,2020-05-15,Ulsan,45
1980,2020-05-15,Gyeonggi-do,717
1981,2020-05-15,Gangwon-do,55
1982,2020-05-15,Chungcheongbuk-do,55
1983,2020-05-15,Chungcheongnam-do,144
1984,2020-05-15,Jeollabuk-do,20
1985,2020-05-15,Jeollanam-do,18
1986,2020-05-15,Gyeongsangbuk-do,1368
1987,2020-05-15,Gyeongsangnam-do,119
1988,2020-05-15,Jeju-do,14
1989,2020-05-16,Seoul,730
1990,2020-05-16,Busan,144
1991,2020-05-16,Daegu,6869
1992,2020-05-16,Incheon,124
1993,2020-05-16,Gwangju,30
1994,2020-05-16,Daejeon,43
1995,2020-05-16,Ulsan,45
1997,2020-05-16,Gyeonggi-do,721
1998,2020-05-16,Gangwon-do,55
1999,2020-05-16,Chungcheongbuk-do,56
2000,2020-05-16,Chungcheongnam-do,144
2001,2020-05-16,Jeollabuk-do,20
2002,2020-05-16,Jeollanam-do,18
2003,2020-05-16,Gyeongsangbuk-do,1368
2004,2020-05-16,Gyeongsangnam-do,119
2005,2020-05-16,Jeju-do,14
2006,2020-05-17,Seoul,735
2007,2020-05-17,Busan,144
2008,2020-05-17,Daegu,6870
2009,2020-05-17,Incheon,124
2010,2020-05-17,Gwangju,30
2011,2020-05-17,Daejeon,44
2012,2020-05-17,Ulsan,45
2014,2020-05-17,Gyeonggi-do,721
2015,2020-05-17,Gangwon-do,55
2016,2020-05-17,Chungcheongbuk-do,56
2017,2020-05-17,Chungcheongnam-do,144
2018,2020-05-17,Jeollabuk-do,20
2019,2020-05-17,Jeollanam-do,18
2020,2020-05-17,Gyeongsangbuk-do,1368
2021,2020-05-17,Gyeongsangnam-do,121
2022,2020-05-17,Jeju-do,14
2023,2020-05-18,Seoul,736
2024,2020-05-18,Busan,144
2025,2020-05-18,Daegu,6871
2026,2020-05-18,Incheon,124
2027,2020-05-18,Gwangju,30
2028,2020-05-18,Daejeon,44
2029,2020-05-18,Ulsan,45
2031,2020-05-18,Gyeonggi-do,724
2032,2020-05-18,Gangwon-do,55
2033,2020-05-18,Chungcheongbuk-do,59
2034,2020-05-18,Chungcheongnam-do,144
2035,2020-05-18,Jeollabuk-do,20
2036,2020-05-18,Jeollanam-do,18
2037,2020-05-18,Gyeongsangbuk-do,1368
2038,2020-05-18,Gyeongsangnam-do,121
2039,2020-05-18,Jeju-do,14
2040,2020-05-19,Seoul,742
2041,2020-05-19,Busan,144
2042,2020-05-19,Daegu,6871
2043,2020-05-19,Incheon,126
2044,2020-05-19,Gwangju,30
2045,2020-05-19,Daejeon,44
2046,2020-05-19,Ulsan,49
2048,2020-05-19,Gyeonggi-do,725
2049,2020-05-19,Gangwon-do,55
2050,2020-05-19,Chungcheongbuk-do,59
2051,2020-05-19,Chungcheongnam-do,144
2052,2020-05-19,Jeollabuk-do,20
2053,2020-05-19,Jeollanam-do,18
2054,2020-05-19,Gyeongsangbuk-do,1368
2055,2020-05-19,Gyeongsangnam-do,121
2056,2020-05-19,Jeju-do,14
2057,2020-05-20,Seoul,752
2058,2020-05-20,Busan,144
2059,2020-05-20,Daegu,6872
2060,2020-05-20,Incheon,134
2061,2020-05-20,Gwangju,30
2062,2020-05-20,Daejeon,44
2063,2020-05-20,Ulsan,49
2065,2020-05-20,Gyeonggi-do,735
2066,2020-05-20,Gangwon-do,55
2067,2020-05-20,Chungcheongbuk-do,59
2068,2020-05-20,Chungcheongnam-do,144
2069,2020-05-20,Jeollabuk-do,21
2070,2020-05-20,Jeollanam-do,18
2071,2020-05-20,Gyeongsangbuk-do,1368
2072,2020-05-20,Gyeongsangnam-do,121
2073,2020-05-20,Jeju-do,14
2074,2020-05-21,Seoul,756
2075,2020-05-21,Busan,144
2076,2020-05-21,Daegu,6872
2077,2020-05-21,Incheon,140
2078,2020-05-21,Gwangju,30
2079,2020-05-21,Daejeon,44
2080,2020-05-21,Ulsan,49
2082,2020-05-21,Gyeonggi-do,735
2083,2020-05-21,Gangwon-do,55
2084,2020-05-21,Chungcheongbuk-do,59
2085,2020-05-21,Chungcheongnam-do,145
2086,2020-05-21,Jeollabuk-do,21
2087,2020-05-21,Jeollanam-do,18
2088,2020-05-21,Gyeongsangbuk-do,1368
2089,2020-05-21,Gyeongsangnam-do,121
2090,2020-05-21,Jeju-do,14
2091,2020-05-22,Seoul,758
2092,2020-05-22,Busan,144
2093,2020-05-22,Daegu,6872
2094,2020-05-22,Incheon,141
2095,2020-05-22,Gwangju,30
2096,2020-05-22,Daejeon,44
2097,2020-05-22,Ulsan,50
2099,2020-05-22,Gyeonggi-do,741
2100,2020-05-22,Gangwon-do,55
2101,2020-05-22,Chungcheongbuk-do,59
2102,2020-05-22,Chungcheongnam-do,145
2103,2020-05-22,Jeollabuk-do,21
2104,2020-05-22,Jeollanam-do,18
2105,2020-05-22,Gyeongsangbuk-do,1370
2106,2020-05-22,Gyeongsangnam-do,122
2107,2020-05-22,Jeju-do,14
2108,2020-05-23,Seoul,762
2109,2020-05-23,Busan,144
2110,2020-05-23,Daegu,6873
2111,2020-05-23,Incheon,141
2112,2020-05-23,Gwangju,30
2113,2020-05-23,Daejeon,45
2114,2020-05-23,Ulsan,50
2116,2020-05-23,Gyeonggi-do,754
2117,2020-05-23,Gangwon-do,55
2118,2020-05-23,Chungcheongbuk-do,59
2119,2020-05-23,Chungcheongnam-do,145
2120,2020-05-23,Jeollabuk-do,21
2121,2020-05-23,Jeollanam-do,18
2122,2020-05-23,Gyeongsangbuk-do,1370
2123,2020-05-23,Gyeongsangnam-do,123
2124,2020-05-23,Jeju-do,14
2125,2020-05-24,Seoul,768
2126,2020-05-24,Busan,144
2127,2020-05-24,Daegu,6873
2128,2020-05-24,Incheon,143
2129,2020-05-24,Gwangju,30
2130,2020-05-24,Daejeon,45
2131,2020-05-24,Ulsan,50
2133,2020-05-24,Gyeonggi-do,760
2134,2020-05-24,Gangwon-do,56
2135,2020-05-24,Chungcheongbuk-do,59
2136,2020-05-24,Chungcheongnam-do,145
2137,2020-05-24,Jeollabuk-do,21
2138,2020-05-24,Jeollanam-do,18
2139,2020-05-24,Gyeongsangbuk-do,1376
2140,2020-05-24,Gyeongsangnam-do,123
2141,2020-05-24,Jeju-do,14
2142,2020-05-25,Seoul,774
2143,2020-05-25,Busan,144
2144,2020-05-25,Daegu,6874
2145,2020-05-25,Incheon,144
2146,2020-05-25,Gwangju,30
2147,2020-05-25,Daejeon,45
2148,2020-05-25,Ulsan,50
2150,2020-05-25,Gyeonggi-do,766
2151,2020-05-25,Gangwon-do,56
2152,2020-05-25,Chungcheongbuk-do,59
2153,2020-05-25,Chungcheongnam-do,145
2154,2020-05-25,Jeollabuk-do,21
2155,2020-05-25,Jeollanam-do,18
2156,2020-05-25,Gyeongsangbuk-do,1377
2157,2020-05-25,Gyeongsangnam-do,123
2158,2020-05-25,Jeju-do,14
2159,2020-05-26,Seoul,783
2160,2020-05-26,Busan,144
2161,2020-05-26,Daegu,6875
2162,2020-05-26,Incheon,147
2163,2020-05-26,Gwangju,30
2164,2020-05-26,Daejeon,45
2165,2020-05-26,Ulsan,50
2167,2020-05-26,Gyeonggi-do,768
2168,2020-05-26,Gangwon-do,56
2169,2020-05-26,Chungcheongbuk-do,60
2170,2020-05-26,Chungcheongnam-do,145
2171,2020-05-26,Jeollabuk-do,21
2172,2020-05-26,Jeollanam-do,18
2173,2020-05-26,Gyeongsangbuk-do,1378
2174,2020-05-26,Gyeongsangnam-do,123
2175,2020-05-26,Jeju-do,14
2176,2020-05-27,Seoul,802
2177,2020-05-27,Busan,144
2178,2020-05-27,Daegu,6878
2179,2020-05-27,Incheon,158
2180,2020-05-27,Gwangju,30
2181,2020-05-27,Daejeon,45
2182,2020-05-27,Ulsan,50
2184,2020-05-27,Gyeonggi-do,774
2185,2020-05-27,Gangwon-do,56
2186,2020-05-27,Chungcheongbuk-do,60
2187,2020-05-27,Chungcheongnam-do,145
2188,2020-05-27,Jeollabuk-do,21
2189,2020-05-27,Jeollanam-do,18
2190,2020-05-27,Gyeongsangbuk-do,1378
2191,2020-05-27,Gyeongsangnam-do,123
2192,2020-05-27,Jeju-do,14
2193,2020-05-28,Seoul,826
2194,2020-05-28,Busan,145
2195,2020-05-28,Daegu,6880
2196,2020-05-28,Incheon,180
2197,2020-05-28,Gwangju,30
2198,2020-05-28,Daejeon,45
2199,2020-05-28,Ulsan,50
2201,2020-05-28,Gyeonggi-do,795
2202,2020-05-28,Gangwon-do,56
2203,2020-05-28,Chungcheongbuk-do,60
2204,2020-05-28,Chungcheongnam-do,146
2205,2020-05-28,Jeollabuk-do,21
2206,2020-05-28,Jeollanam-do,18
2207,2020-05-28,Gyeongsangbuk-do,1379
2208,2020-05-28,Gyeongsangnam-do,123
2209,2020-05-28,Jeju-do,14
2210,2020-05-29,Seoul,846
2211,2020-05-29,Busan,145
2212,2020-05-29,Daegu,6880
2213,2020-05-29,Incheon,198
2214,2020-05-29,Gwangju,30
2215,2020-05-29,Daejeon,45
2216,2020-05-29,Ulsan,50
2218,2020-05-29,Gyeonggi-do,815
2219,2020-05-29,Gangwon-do,56
2220,2020-05-29,Chungcheongbuk-do,60
2221,2020-05-29,Chungcheongnam-do,146
2222,2020-05-29,Jeollabuk-do,21
2223,2020-05-29,Jeollanam-do,18
2224,2020-05-29,Gyeongsangbuk-do,1379
2225,2020-05-29,Gyeongsangnam-do,123
2226,2020-05-29,Jeju-do,14
2227,2020-05-30,Seoul,855
2228,2020-05-30,Busan,146
2229,2020-05-30,Daegu,6882
2230,2020-05-30,Incheon,203
2231,2020-05-30,Gwangju,32
2232,2020-05-30,Daejeon,45
2233,2020-05-30,Ulsan,50
2235,2020-05-30,Gyeonggi-do,828
2236,2020-05-30,Gangwon-do,57
2237,2020-05-30,Chungcheongbuk-do,60
2238,2020-05-30,Chungcheongnam-do,146
2239,2020-05-30,Jeollabuk-do,21
2240,2020-05-30,Jeollanam-do,19
2241,2020-05-30,Gyeongsangbuk-do,1379
2242,2020-05-30,Gyeongsangnam-do,123
2243,2020-05-30,Jeju-do,14
2244,2020-05-31,Seoul,861
2245,2020-05-31,Busan,147
2246,2020-05-31,Daegu,6883
2247,2020-05-31,Incheon,206
2248,2020-05-31,Gwangju,32
2249,2020-05-31,Daejeon,46
2250,2020-05-31,Ulsan,52
2252,2020-05-31,Gyeonggi-do,840
2253,2020-05-31,Gangwon-do,57
2254,2020-05-31,Chungcheongbuk-do,60
2255,2020-05-31,Chungcheongnam-do,146
2256,2020-05-31,Jeollabuk-do,21
2257,2020-05-31,Jeollanam-do,19
2258,2020-05-31,Gyeongsangbuk-do,1379
2259,2020-05-31,Gyeongsangnam-do,123
2260,2020-05-31,Jeju-do,15
2261,2020-06-01,Seoul,862
2262,2020-06-01,Busan,147
2263,2020-06-01,Daegu,6884
2264,2020-06-01,Incheon,224
2265,2020-06-01,Gwangju,32
2266,2020-06-01,Daejeon,46
2267,2020-06-01,Ulsan,52
2269,2020-06-01,Gyeonggi-do,852
2270,2020-06-01,Gangwon-do,57
2271,2020-06-01,Chungcheongbuk-do,60
2272,2020-06-01,Chungcheongnam-do,146
2273,2020-06-01,Jeollabuk-do,21
2274,2020-06-01,Jeollanam-do,20
2275,2020-06-01,Gyeongsangbuk-do,1379
2276,2020-06-01,Gyeongsangnam-do,123
2277,2020-06-01,Jeju-do,15
2278,2020-06-02,Seoul,876
2279,2020-06-02,Busan,147
2280,2020-06-02,Daegu,6884
2281,2020-06-02,Incheon,232
2282,2020-06-02,Gwangju,32
2283,2020-06-02,Daejeon,46
2284,2020-06-02,Ulsan,52
2286,2020-06-02,Gyeonggi-do,867
2287,2020-06-02,Gangwon-do,57
2288,2020-06-02,Chungcheongbuk-do,60
2289,2020-06-02,Chungcheongnam-do,146
2290,2020-06-02,Jeollabuk-do,21
2291,2020-06-02,Jeollanam-do,20
2292,2020-06-02,Gyeongsangbuk-do,1379
2293,2020-06-02,Gyeongsangnam-do,123
2294,2020-06-02,Jeju-do,15
2295,2020-06-03,Seoul,895
2296,2020-06-03,Busan,147
2297,2020-06-03,Daegu,6885
2298,2020-06-03,Incheon,249
2299,2020-06-03,Gwangju,32
2300,2020-06-03,Daejeon,46
2301,2020-06-03,Ulsan,52
2303,2020-06-03,Gyeonggi-do,879
2304,2020-06-03,Gangwon-do,57
2305,2020-06-03,Chungcheongbuk-do,60
2306,2020-06-03,Chungcheongnam-do,146
2307,2020-06-03,Jeollabuk-do,21
2308,2020-06-03,Jeollanam-do,20
2309,2020-06-03,Gyeongsangbuk-do,1379
2310,2020-06-03,Gyeongsangnam-do,123
2311,2020-06-03,Jeju-do,15
2312,2020-06-04,Seoul,909
2313,2020-06-04,Busan,147
2314,2020-06-04,Daegu,6885
2315,2020-06-04,Incheon,256
2316,2020-06-04,Gwangju,32
2317,2020-06-04,Daejeon,46
2318,2020-06-04,Ulsan,52
2320,2020-06-04,Gyeonggi-do,894
2321,2020-06-04,Gangwon-do,57
2322,2020-06-04,Chungcheongbuk-do,60
2323,2020-06-04,Chungcheongnam-do,146
2324,2020-06-04,Jeollabuk-do,21
2325,2020-06-04,Jeollanam-do,20
2326,2020-06-04,Gyeongsangbuk-do,1380
2327,2020-06-04,Gyeongsangnam-do,123
2328,2020-06-04,Jeju-do,15
2329,2020-06-05,Seoul,924
2330,2020-06-05,Busan,147
2331,2020-06-05,Daegu,6886
2332,2020-06-05,Incheon,262
2333,2020-06-05,Gwangju,32
2334,2020-06-05,Daejeon,46
2335,2020-06-05,Ulsan,52
2337,2020-06-05,Gyeonggi-do,907
2338,2020-06-05,Gangwon-do,57
2339,2020-06-05,Chungcheongbuk-do,60
2340,2020-06-05,Chungcheongnam-do,147
2341,2020-06-05,Jeollabuk-do,21
2342,2020-06-05,Jeollanam-do,20
2343,2020-06-05,Gyeongsangbuk-do,1382
2344,2020-06-05,Gyeongsangnam-do,123
2345,2020-06-05,Jeju-do,15
2346,2020-06-06,Seoul,947
2347,2020-06-06,Busan,147
2348,2020-06-06,Daegu,6886
2349,2020-06-06,Incheon,273
2350,2020-06-06,Gwangju,32
2351,2020-06-06,Daejeon,46
2352,2020-06-06,Ulsan,52
2354,2020-06-06,Gyeonggi-do,915
2355,2020-06-06,Gangwon-do,58
2356,2020-06-06,Chungcheongbuk-do,60
2357,2020-06-06,Chungcheongnam-do,148
2358,2020-06-06,Jeollabuk-do,21
2359,2020-06-06,Jeollanam-do,20
2360,2020-06-06,Gyeongsangbuk-do,1383
2361,2020-06-06,Gyeongsangnam-do,124
2362,2020-06-06,Jeju-do,15
2363,2020-06-07,Seoul,974
2364,2020-06-07,Busan,147
2365,2020-06-07,Daegu,6887
2366,2020-06-07,Incheon,279
2367,2020-06-07,Gwangju,32
2368,2020-06-07,Daejeon,46
2369,2020-06-07,Ulsan,53
2371,2020-06-07,Gyeonggi-do,934
2372,2020-06-07,Gangwon-do,58
2373,2020-06-07,Chungcheongbuk-do,61
2374,2020-06-07,Chungcheongnam-do,148
2375,2020-06-07,Jeollabuk-do,21
2376,2020-06-07,Jeollanam-do,20
2377,2020-06-07,Gyeongsangbuk-do,1383
2378,2020-06-07,Gyeongsangnam-do,124
2379,2020-06-07,Jeju-do,15
2380,2020-06-08,Seoul,996
2381,2020-06-08,Busan,147
2382,2020-06-08,Daegu,6888
2383,2020-06-08,Incheon,283
2384,2020-06-08,Gwangju,32
2385,2020-06-08,Daejeon,46
2386,2020-06-08,Ulsan,53
2388,2020-06-08,Gyeonggi-do,942
2389,2020-06-08,Gangwon-do,58
2390,2020-06-08,Chungcheongbuk-do,61
2391,2020-06-08,Chungcheongnam-do,148
2392,2020-06-08,Jeollabuk-do,21
2393,2020-06-08,Jeollanam-do,20
2394,2020-06-08,Gyeongsangbuk-do,1383
2395,2020-06-08,Gyeongsangnam-do,124
2396,2020-06-08,Jeju-do,15
2397,2020-06-09,Seoul,1015
2398,2020-06-09,Busan,147
2399,2020-06-09,Daegu,6888
2400,2020-06-09,Incheon,286
2401,2020-06-09,Gwangju,32
2402,2020-06-09,Daejeon,46
2403,2020-06-09,Ulsan,53
2405,2020-06-09,Gyeonggi-do,955
2406,2020-06-09,Gangwon-do,58
2407,2020-06-09,Chungcheongbuk-do,61
2408,2020-06-09,Chungcheongnam-do,150
2409,2020-06-09,Jeollabuk-do,21
2410,2020-06-09,Jeollanam-do,20
2411,2020-06-09,Gyeongsangbuk-do,1383
2412,2020-06-09,Gyeongsangnam-do,125
2413,2020-06-09,Jeju-do,15
2414,2020-06-10,Seoul,1027
2415,2020-06-10,Busan,147
2416,2020-06-10,Daegu,6888
2417,2020-06-10,Incheon,294
2418,2020-06-10,Gwangju,32
2419,2020-06-10,Daejeon,46
2420,2020-06-10,Ulsan,53
2422,2020-06-10,Gyeonggi-do,976
2423,2020-06-10,Gangwon-do,59
2424,2020-06-10,Chungcheongbuk-do,61
2425,2020-06-10,Chungcheongnam-do,150
2426,2020-06-10,Jeollabuk-do,21
2427,2020-06-10,Jeollanam-do,20
2428,2020-06-10,Gyeongsangbuk-do,1383
2429,2020-06-10,Gyeongsangnam-do,127
2430,2020-06-10,Jeju-do,15
2431,2020-06-11,Seoul,1048
2432,2020-06-11,Busan,147
2433,2020-06-11,Daegu,6888
2434,2020-06-11,Incheon,300
2435,2020-06-11,Gwangju,32
2436,2020-06-11,Daejeon,46
2437,2020-06-11,Ulsan,53
2439,2020-06-11,Gyeonggi-do,992
2440,2020-06-11,Gangwon-do,59
2441,2020-06-11,Chungcheongbuk-do,61
2442,2020-06-11,Chungcheongnam-do,150
2443,2020-06-11,Jeollabuk-do,21
2444,2020-06-11,Jeollanam-do,20
2445,2020-06-11,Gyeongsangbuk-do,1383
2446,2020-06-11,Gyeongsangnam-do,127
2447,2020-06-11,Jeju-do,15
2448,2020-06-12,Seoul,1073
2449,2020-06-12,Busan,147
2450,2020-06-12,Daegu,6889
2451,2020-06-12,Incheon,301
2452,2020-06-12,Gwangju,32
2453,2020-06-12,Daejeon,46
2454,2020-06-12,Ulsan,53
2456,2020-06-12,Gyeonggi-do,1011
2457,2020-06-12,Gangwon-do,59
2458,2020-06-12,Chungcheongbuk-do,61
2459,2020-06-12,Chungcheongnam-do,150
2460,2020-06-12,Jeollabuk-do,21
2461,2020-06-12,Jeollanam-do,20
2462,2020-06-12,Gyeongsangbuk-do,1383
2463,2020-06-12,Gyeongsangnam-do,127
2464,2020-06-12,Jeju-do,15
2465,2020-06-13,Seoul,1101
2466,2020-06-13,Busan,147
2467,2020-06-13,Daegu,6892
2468,2020-06-13,Incheon,302
2469,2020-06-13,Gwangju,32
2470,2020-06-13,Daejeon,46
2471,2020-06-13,Ulsan,53
2473,2020-06-13,Gyeonggi-do,1025
2474,2020-06-13,Gangwon-do,59
2475,2020-06-13,Chungcheongbuk-do,61
2476,2020-06-13,Chungcheongnam-do,151
2477,2020-06-13,Jeollabuk-do,21
2478,2020-06-13,Jeollanam-do,20
2479,2020-06-13,Gyeongsangbuk-do,1383
2480,2020-06-13,Gyeongsangnam-do,127
2481,2020-06-13,Jeju-do,15
2482,2020-06-14,Seoul,1113
2483,2020-06-14,Busan,147
2484,2020-06-14,Daegu,6894
2485,2020-06-14,Incheon,310
2486,2020-06-14,Gwangju,32
2487,2020-06-14,Daejeon,46
2488,2020-06-14,Ulsan,53
2490,2020-06-14,Gyeonggi-do,1035
2491,2020-06-14,Gangwon-do,60
2492,2020-06-14,Chungcheongbuk-do,61
2493,2020-06-14,Chungcheongnam-do,151
2494,2020-06-14,Jeollabuk-do,21
2495,2020-06-14,Jeollanam-do,20
2496,2020-06-14,Gyeongsangbuk-do,1383
2497,2020-06-14,Gyeongsangnam-do,127
2498,2020-06-14,Jeju-do,15
2499,2020-06-15,Seoul,1120
2500,2020-06-15,Busan,147
2501,2020-06-15,Daegu,6894
2502,2020-06-15,Incheon,318
2503,2020-06-15,Gwangju,32
2504,2020-06-15,Daejeon,46
2505,2020-06-15,Ulsan,53
2507,2020-06-15,Gyeonggi-do,1045
2508,2020-06-15,Gangwon-do,60
2509,2020-06-15,Chungcheongbuk-do,61
2510,2020-06-15,Chungcheongnam-do,152
2511,2020-06-15,Jeollabuk-do,21
2512,2020-06-15,Jeollanam-do,20
2513,2020-06-15,Gyeongsangbuk-do,1383
2514,2020-06-15,Gyeongsangnam-do,130
2515,2020-06-15,Jeju-do,15
2516,2020-06-16,Seoul,1132
2517,2020-06-16,Busan,148
2518,2020-06-16,Daegu,6894
2519,2020-06-16,Incheon,320
2520,2020-06-16,Gwangju,32
2521,2020-06-16,Daejeon,49
2522,2020-06-16,Ulsan,53
2524,2020-06-16,Gyeonggi-do,1050
2525,2020-06-16,Gangwon-do,60
2526,2020-06-16,Chungcheongbuk-do,61
2527,2020-06-16,Chungcheongnam-do,152
2528,2020-06-16,Jeollabuk-do,21
2529,2020-06-16,Jeollanam-do,20
2530,2020-06-16,Gyeongsangbuk-do,1383
2531,2020-06-16,Gyeongsangnam-do,132
2532,2020-06-16,Jeju-do,15
2533,2020-06-17,Seoul,1145
2534,2020-06-17,Busan,148
2535,2020-06-17,Daegu,6895
2536,2020-06-17,Incheon,322
2537,2020-06-17,Gwangju,32
2538,2020-06-17,Daejeon,54
2539,2020-06-17,Ulsan,53
2541,2020-06-17,Gyeonggi-do,1063
2542,2020-06-17,Gangwon-do,60
2543,2020-06-17,Chungcheongbuk-do,61
2544,2020-06-17,Chungcheongnam-do,153
2545,2020-06-17,Jeollabuk-do,21
2546,2020-06-17,Jeollanam-do,20
2547,2020-06-17,Gyeongsangbuk-do,1383
2548,2020-06-17,Gyeongsangnam-do,132
2549,2020-06-17,Jeju-do,16
2550,2020-06-18,Seoul,1170
2551,2020-06-18,Busan,148
2552,2020-06-18,Daegu,6896
2553,2020-06-18,Incheon,323
2554,2020-06-18,Gwangju,32
2555,2020-06-18,Daejeon,61
2556,2020-06-18,Ulsan,53
2558,2020-06-18,Gyeonggi-do,1079
2559,2020-06-18,Gangwon-do,60
2560,2020-06-18,Chungcheongbuk-do,61
2561,2020-06-18,Chungcheongnam-do,156
2562,2020-06-18,Jeollabuk-do,22
2563,2020-06-18,Jeollanam-do,20
2564,2020-06-18,Gyeongsangbuk-do,1383
2565,2020-06-18,Gyeongsangnam-do,132
2566,2020-06-18,Jeju-do,16
2567,2020-06-19,Seoul,1188
2568,2020-06-19,Busan,148
2569,2020-06-19,Daegu,6896
2570,2020-06-19,Incheon,323
2571,2020-06-19,Gwangju,32
2572,2020-06-19,Daejeon,67
2573,2020-06-19,Ulsan,53
2575,2020-06-19,Gyeonggi-do,1090
2576,2020-06-19,Gangwon-do,60
2577,2020-06-19,Chungcheongbuk-do,61
2578,2020-06-19,Chungcheongnam-do,156
2579,2020-06-19,Jeollabuk-do,22
2580,2020-06-19,Jeollanam-do,20
2581,2020-06-19,Gyeongsangbuk-do,1383
2582,2020-06-19,Gyeongsangnam-do,132
2583,2020-06-19,Jeju-do,19
2584,2020-06-20,Seoul,1202
2585,2020-06-20,Busan,150
2586,2020-06-20,Daegu,6898
2587,2020-06-20,Incheon,328
2588,2020-06-20,Gwangju,32
2589,2020-06-20,Daejeon,72
2590,2020-06-20,Ulsan,53
2592,2020-06-20,Gyeonggi-do,1107
2593,2020-06-20,Gangwon-do,60
2594,2020-06-20,Chungcheongbuk-do,61
2595,2020-06-20,Chungcheongnam-do,158
2596,2020-06-20,Jeollabuk-do,23
2597,2020-06-20,Jeollanam-do,20
2598,2020-06-20,Gyeongsangbuk-do,1384
2599,2020-06-20,Gyeongsangnam-do,132
2600,2020-06-20,Jeju-do,19
2601,2020-06-21,Seoul,1219
2602,2020-06-21,Busan,150
2603,2020-06-21,Daegu,6899
2604,2020-06-21,Incheon,328
2605,2020-06-21,Gwangju,33
2606,2020-06-21,Daejeon,82
2607,2020-06-21,Ulsan,53
2609,2020-06-21,Gyeonggi-do,1117
2610,2020-06-21,Gangwon-do,62
2611,2020-06-21,Chungcheongbuk-do,61
2612,2020-06-21,Chungcheongnam-do,159
2613,2020-06-21,Jeollabuk-do,23
2614,2020-06-21,Jeollanam-do,20
2615,2020-06-21,Gyeongsangbuk-do,1384
2616,2020-06-21,Gyeongsangnam-do,133
2617,2020-06-21,Jeju-do,19
2618,2020-06-22,Seoul,1224
2619,2020-06-22,Busan,150
2620,2020-06-22,Daegu,6900
2621,2020-06-22,Incheon,329
2622,2020-06-22,Gwangju,33
2623,2020-06-22,Daejeon,82
2624,2020-06-22,Ulsan,53
2626,2020-06-22,Gyeonggi-do,1123
2627,2020-06-22,Gangwon-do,62
2628,2020-06-22,Chungcheongbuk-do,61
2629,2020-06-22,Chungcheongnam-do,161
2630,2020-06-22,Jeollabuk-do,24
2631,2020-06-22,Jeollanam-do,20
2632,2020-06-22,Gyeongsangbuk-do,1385
2633,2020-06-22,Gyeongsangnam-do,133
2634,2020-06-22,Jeju-do,19
2635,2020-06-23,Seoul,1230
2636,2020-06-23,Busan,150
2637,2020-06-23,Daegu,6901
2638,2020-06-23,Incheon,330
2639,2020-06-23,Gwangju,33
2640,2020-06-23,Daejeon,86
2641,2020-06-23,Ulsan,53
2643,2020-06-23,Gyeonggi-do,1130
2644,2020-06-23,Gangwon-do,62
2645,2020-06-23,Chungcheongbuk-do,62
2646,2020-06-23,Chungcheongnam-do,161
2647,2020-06-23,Jeollabuk-do,24
2648,2020-06-23,Jeollanam-do,20
2649,2020-06-23,Gyeongsangbuk-do,1385
2650,2020-06-23,Gyeongsangnam-do,133
2651,2020-06-23,Jeju-do,19
2652,2020-06-24,Seoul,1241
2653,2020-06-24,Busan,152
2654,2020-06-24,Daegu,6903
2655,2020-06-24,Incheon,333
2656,2020-06-24,Gwangju,33
2657,2020-06-24,Daejeon,94
2658,2020-06-24,Ulsan,55
2660,2020-06-24,Gyeonggi-do,1137
2661,2020-06-24,Gangwon-do,63
2662,2020-06-24,Chungcheongbuk-do,62
2663,2020-06-24,Chungcheongnam-do,162
2664,2020-06-24,Jeollabuk-do,25
2665,2020-06-24,Jeollanam-do,20
2666,2020-06-24,Gyeongsangbuk-do,1386
2667,2020-06-24,Gyeongsangnam-do,133
2668,2020-06-24,Jeju-do,19
2669,2020-06-25,Seoul,1250
2670,2020-06-25,Busan,152
2671,2020-06-25,Daegu,6903
2672,2020-06-25,Incheon,334
2673,2020-06-25,Gwangju,33
2674,2020-06-25,Daejeon,98
2675,2020-06-25,Ulsan,55
2677,2020-06-25,Gyeonggi-do,1146
2678,2020-06-25,Gangwon-do,63
2679,2020-06-25,Chungcheongbuk-do,62
2680,2020-06-25,Chungcheongnam-do,163
2681,2020-06-25,Jeollabuk-do,25
2682,2020-06-25,Jeollanam-do,20
2683,2020-06-25,Gyeongsangbuk-do,1386
2684,2020-06-25,Gyeongsangnam-do,133
2685,2020-06-25,Jeju-do,19
2686,2020-06-26,Seoul,1267
2687,2020-06-26,Busan,152
2688,2020-06-26,Daegu,6903
2689,2020-06-26,Incheon,336
2690,2020-06-26,Gwangju,33
2691,2020-06-26,Daejeon,102
2692,2020-06-26,Ulsan,55
2694,2020-06-26,Gyeonggi-do,1150
2695,2020-06-26,Gangwon-do,64
2696,2020-06-26,Chungcheongbuk-do,62
2697,2020-06-26,Chungcheongnam-do,166
2698,2020-06-26,Jeollabuk-do,25
2699,2020-06-26,Jeollanam-do,20
2700,2020-06-26,Gyeongsangbuk-do,1387
2701,2020-06-26,Gyeongsangnam-do,133
2702,2020-06-26,Jeju-do,19
2703,2020-06-27,Seoul,1284
2704,2020-06-27,Busan,152
2705,2020-06-27,Daegu,6904
2706,2020-06-27,Incheon,337
2707,2020-06-27,Gwangju,33
2708,2020-06-27,Daejeon,104
2709,2020-06-27,Ulsan,55
2711,2020-06-27,Gyeonggi-do,1167
2712,2020-06-27,Gangwon-do,64
2713,2020-06-27,Chungcheongbuk-do,63
2714,2020-06-27,Chungcheongnam-do,166
2715,2020-06-27,Jeollabuk-do,26
2716,2020-06-27,Jeollanam-do,20
2717,2020-06-27,Gyeongsangbuk-do,1387
2718,2020-06-27,Gyeongsangnam-do,133
2719,2020-06-27,Jeju-do,19
2720,2020-06-28,Seoul,1298
2721,2020-06-28,Busan,152
2722,2020-06-28,Daegu,6904
2723,2020-06-28,Incheon,337
2724,2020-06-28,Gwangju,37
2725,2020-06-28,Daejeon,110
2726,2020-06-28,Ulsan,55
2728,2020-06-28,Gyeonggi-do,1184
2729,2020-06-28,Gangwon-do,64
2730,2020-06-28,Chungcheongbuk-do,64
2731,2020-06-28,Chungcheongnam-do,167
2732,2020-06-28,Jeollabuk-do,26
2733,2020-06-28,Jeollanam-do,23
2734,2020-06-28,Gyeongsangbuk-do,1387
2735,2020-06-28,Gyeongsangnam-do,133
2736,2020-06-28,Jeju-do,19
2737,2020-06-29,Seoul,1305
2738,2020-06-29,Busan,153
2739,2020-06-29,Daegu,6906
2740,2020-06-29,Incheon,338
2741,2020-06-29,Gwangju,41
2742,2020-06-29,Daejeon,112
2743,2020-06-29,Ulsan,55
2745,2020-06-29,Gyeonggi-do,1200
2746,2020-06-29,Gangwon-do,64
2747,2020-06-29,Chungcheongbuk-do,64
2748,2020-06-29,Chungcheongnam-do,167
2749,2020-06-29,Jeollabuk-do,27
2750,2020-06-29,Jeollanam-do,24
2751,2020-06-29,Gyeongsangbuk-do,1388
2752,2020-06-29,Gyeongsangnam-do,134
2753,2020-06-29,Jeju-do,19
